0,1,Noise 0,Noise 1
-3.077169899307522,-1.6930057429438456,-3.087766385174799,-1.7134449623545325
-5.028331081545052,-1.1970517801622589,-5.024860259742706,-1.1886132856534735
1.6100994587683768,1.1050930446830753,1.599518110325643,1.0835729959501572
-4.028822639127562,-1.880910136074171,-4.0341832215355735,-1.89058772773265
5.740487910881103,-0.06312954303740764,5.765593533419204,-0.014868700270718401
-0.9240322490485399,3.6517535918349147,-0.915280359000104,3.670186578445893
-5.789639000086963,2.055213518739976,-5.777131891096356,2.0825313144266238
2.781482767769925,-2.882177049015305,2.7312618038719396,-2.9840458024578354
6.875659049961175,2.0849777079176,6.864855989001217,2.061400531808114
-4.651468500042047,-5.7346583848079,-4.645131238195108,-5.7213809924955985
-0.862231915034445,-0.764102232643376,-0.831528438891028,-0.7025330251259808
0.6416680046221809,-4.712648072582603,0.6602293148066242,-4.67653848707709
0.1554616394609909,-0.9647698252881777,0.1744522803803198,-0.9270040746403791
-4.885700687855986,-8.318571495281086,-4.860653228246495,-8.268231117218427
-1.3954295972273176,-2.950110646304451,-1.3757312937327122,-2.910740945202675
-3.921482828629881,3.9180702829539493,-3.891902709951752,3.9792175735235293
-2.807896660235584,2.0706548549421724,-2.821133088445331,2.045480641059239
0.036853115054462794,-4.238966817534969,0.005785191372673937,-4.301831300614048
-4.8779205460710635,-4.032152630574911,-4.851180300355562,-3.9777051092319677
1.058444918198936,-2.73202094753486,1.0508780394042452,-2.7479739393994618
-3.0895939840103304,0.6797172732107903,-3.079577747593855,0.7009085733586773
6.929425215062825,4.425449313786395,6.933052758410981,4.431110606356402
2.947888704837862,-3.5292600598981916,2.9512824107860185,-3.524065029071438
0.4170775828295549,2.5794985131033723,0.43601679641731594,2.617671819924235
2.934536687689212,-5.351609509455408,2.9322017131283618,-5.358175217938386
-3.3549761514782124,-4.62880657156766,-3.3356053301745514,-4.589713314754415
-7.3771540971826415,1.6870610064423042,-7.398067147643202,1.648012711461746
2.3483577505506283,1.7296294434577968,2.352934747884734,1.7382821423290213
0.1785987659182971,-4.067096523538186,0.1716247460187405,-4.081792057670631
-3.0479349582319735,0.34225425141757854,-3.037711347419242,0.3637892084585771
-6.110332549285508,-0.4581210742384595,-6.116640523444662,-0.4687497145492734
-3.989519315635289,0.23931112710413488,-3.991752250106976,0.23623376665428092
6.535051040002024,2.6418003463143287,6.561026299979877,2.6919889814688354
3.0472940492842033,-0.9693238494677998,3.0319602088181243,-1.001184994054547
3.980746151845597,-3.0562526419545026,3.9678378911646086,-3.083930635860999
0.14034441651317042,-1.9415079799681962,0.11337290335812251,-1.9958264513785655
3.4111382609631513,3.383287995143863,3.3904100597023015,3.3412505678521134
-1.77866116091426,5.44213024513675,-1.79241917259146,5.416134699334856
0.5186217487413696,4.750510778928928,0.5125250839446511,4.738944814111947
0.18254724228497257,2.02736004021273,0.1880080794380678,2.0385625579863262
0.1065798536933537,-2.4044253335991432,0.12276841762029388,-2.372490452567165
-1.515750999376862,5.011443010355282,-1.5084987312801341,5.0273064200192525
-6.771868573791955,5.697051717946957,-6.780322399050707,5.683394841556533
0.5832801347762607,0.7811148774920673,0.5936870082318351,0.8018635025458603
-2.6915026252631464,-2.4299722107126804,-2.6706808299529463,-2.387829698583951
2.7986722045267665,0.43689902476864173,2.796125352546786,0.4309334520689593
-5.588666108863424,1.486417651948211,-5.590185935813522,1.4855175667900173
-0.6980452440635101,-3.3075583593453857,-0.6665285794164655,-3.2448479768048797
-5.067649091964486,-0.4122877809254467,-5.074408017764249,-0.4241629082647392
-2.410258277089009,-0.9409507166956517,-2.4022277829047463,-0.92423426703929
-2.9019458689061812,0.16801750971641477,-2.908330474836825,0.15625726522163286
-1.264937018789686,-1.082219837770165,-1.2509676208110543,-1.054036457411992
-1.8034985246180606,4.097248962301395,-1.8255639569767748,4.054419747104576
-3.357294256836814,-0.850349890967293,-3.352030343165386,-0.8388312874497719
-0.7830823805444715,2.1340581789423516,-0.7971861595030023,2.106475781931215
2.6511255746293267,-2.5377457555976903,2.668768822913486,-2.5037838439657185
0.7611829352558758,1.768398906455742,0.7584096569991781,1.762893917771672
2.9094815637223053,0.9344715125611549,2.8794940925942236,0.8736713245691448
-2.6332560636332087,-2.740216822224488,-2.635631928653136,-2.7445417290466243
9.438919552288619,1.9701404575752886,9.431980472207147,1.953405704073359
-2.6138005775490725,-1.7053172215837369,-2.5948622192731428,-1.6668454073173646
-0.41266672107673236,0.7005569852926657,-0.400754731172992,0.7246387676859432
1.401797606788825,3.9649722045312457,1.3992293239288551,3.9600318560402545
-2.542724155559288,-0.6019556362982814,-2.5011778528749353,-0.5181055348576571
-1.2537897648058918,-0.1524057766131517,-1.2292968753619868,-0.10302208587492198
-1.7273962382917913,-4.384022269401004,-1.7400308240516682,-4.4094484363636015
0.45545116955293663,-4.684500438758268,0.457784513281002,-4.680779107062133
-3.194842460630026,-1.055406824689594,-3.1792276951356424,-1.0232760555372478
-0.6518275647363124,2.960338642161782,-0.677645788122793,2.909422606632234
-0.7624048788434507,0.8506466243723788,-0.7895145817727005,0.7968285571596472
0.28003475568370856,-0.3654109137164955,0.2966479073391929,-0.3323409723843421
6.543247718932489,-3.56236856726683,6.55573534552348,-3.5402061767346797
-1.3164176606050968,-4.1949385614741965,-1.3097312428760022,-4.1818296468371745
-0.9925003718271803,2.247072639484613,-0.9828820223222743,2.2670243567171164
-3.0170443762296144,1.601305578499197,-2.9620876919680224,1.7125089638982276
-5.014105153068388,-1.9175326838589086,-5.002851484965215,-1.8936550306062159
1.679932979047811,1.90694827741678,1.6729677410787454,1.8927723278009252
2.5373198612345247,-3.0551332452840674,2.5108526996162204,-3.1094411117681644
0.20660295560787187,-0.16514287229899824,0.22200504761968742,-0.134436401590295
-4.352881539180879,-4.199294342257922,-4.359236888405391,-4.211243662778309
-1.2506846434322831,-0.7850204673892894,-1.244867445735706,-0.773096091040864
2.2141647271539666,-0.7810527453776015,2.202303193880401,-0.8056559486483956
-1.2368141958454222,-3.210598916003203,-1.2015137288131996,-3.1401224947500364
-0.9647338677406924,-0.06663175641041343,-0.9460901175835449,-0.02902952580901439
2.969809682630618,2.5155243946931924,2.960627341552704,2.496581204066804
-6.305361165648522,4.528933194286369,-6.2916281664743074,4.559294975604977
-2.9654581683382433,0.44496708902824733,-2.9656192076341115,0.44572223014004897
3.5308379336292925,-2.029919568182527,3.542177159085843,-2.00877716256476
2.790393104477776,-5.180435759532972,2.7928669327423865,-5.1773062354200166
-1.0115977964975518,0.8645231055708248,-1.018032751111136,0.8521410828485805
0.6451859793554359,6.9382191120441306,0.6593729334439672,6.967547236575214
-1.396773605396341,0.8102946825158875,-1.4133032173718456,0.7778443356783239
0.489225772240302,0.3529876303049303,0.4876219776965444,0.3496743676962391
2.4184474565427636,-0.5466257274315031,2.4297796130888845,-0.5248709721403005
-3.836479017279994,1.051100964132853,-3.8553285350368505,1.014875877815001
3.738178092852991,4.75180270822235,3.7251053647336843,4.725196932606274
-1.31345590154668,1.3715903674815184,-1.2927659067702406,1.4136459128805745
-2.937394064776121,4.124476871485496,-2.936850425031074,4.127253549065365
3.1781514449157147,3.8525020394659606,3.138287422650916,3.7723509722068584
1.8948199005145328,-1.4244677255696336,1.8859894550590899,-1.4430095515586883
1.5366295841221216,1.4935453597320827,1.5057505290507573,1.4315203534234646
4.751717271340533,0.8246658156851533,4.712699541865055,0.7451640594305982
-2.5445789056081876,0.9324874925604034,-2.550180961606515,0.922300750947717
2.9798094373443837,0.28552151473824794,2.979500103512961,0.28394419569051577
-4.329608244420747,1.3677335448212522,-4.338081726779833,1.3524806556407722
-3.334319511644814,-0.3012111531902152,-3.3354095653077938,-0.3023154693975865
1.8028166829487364,0.053531219435444755,1.8453667639084639,0.13803124578690606
3.8082596813980287,-2.312411725385166,3.8271567722824447,-2.2762950586349016
-1.4883361742768377,-0.6049034649148186,-1.5136747026445039,-0.6551798060154523
-2.9090415112340904,3.6517153841338663,-2.89815025557496,3.6750978389816766
-1.1907989652740416,-1.6972912049321218,-1.175305679472355,-1.6661890181835401
-0.8812585448127194,1.3921372590503425,-0.8824900287383826,1.3902072770764782
2.2296035480872627,4.49871230465218,2.244625713190478,4.528763309351559
5.314690818395161,-7.61617144961425,5.332070145334784,-7.584495422560863
4.4245331913869554,-0.07590679938387183,4.410734956876723,-0.10501116249891834
7.698378170374897,2.077951211799726,7.676673931389212,2.0322924920415226
-0.235367057760394,1.1095054978818588,-0.2647229100504996,1.0510607783034445
-0.39387259424717236,-3.6829610765362673,-0.3909489607821024,-3.677602962777909
0.4210266018904103,2.8466327599256034,0.4624160497727934,2.929750333870476
3.63256027711245,-1.7741853782112733,3.643691583290182,-1.7534499767231653
2.366128943488082,-0.6791125551497736,2.3511500419197557,-0.7099846213734671
-2.7892950471762306,5.731162904744918,-2.771114676383986,5.769434454284845
4.033885742986955,5.333611306739296,4.032217304574619,5.329812487463509
3.030048821857624,-2.2270787710891065,3.0108882279371603,-2.2668000958404315
-5.01949265959466,5.856651424280591,-4.999167997351199,5.899986351994089
-2.8860491619459006,-0.4486645591883079,-2.883981567232694,-0.443629963772334
2.4651278091826456,8.006617661835275,2.5070428106349696,8.090967422958066
2.3914647479445015,1.3356135425135371,2.40098008702072,1.354061788958656
2.188518854686097,3.015794251577637,2.163345366004862,2.965217289101554
-4.199504019961897,1.814235403922007,-4.217407127108318,1.7801547398533712
5.78351648958603,6.944778409827404,5.802680012566528,6.982324515585386
3.6908990692414387,4.517682625683646,3.686220438302199,4.507841465111041
0.10718216032840543,-3.5703730758158514,0.10372517834212368,-3.577926479599965
2.8873428115151936,-2.511438757619693,2.8456216772960863,-2.5962809852247926
-1.2573171162268317,-1.3918084949187266,-1.2026597879965923,-1.282304134549416
3.050719661236519,-0.20901443424913516,3.069748481262656,-0.17202295941211584
-1.7509389626285863,3.3065494628474044,-1.7297257354976465,3.350126216078522
3.69856439635053,-2.7903383011019387,3.68309219674204,-2.823003895571383
2.098893519612014,-3.5051303881237557,2.0765157088037087,-3.551187434793719
0.6586822764391959,6.5689839503636245,0.6773563989349711,6.607219468147466
-3.410773101026877,-0.0037044628075861355,-3.421993266161905,-0.02499290353281289
0.20120686516465375,-2.409225241607452,0.21991616068178843,-2.372281683238867
0.19167679059642811,-3.919442936537318,0.20246575910540343,-3.8985919665731448
1.470229313552681,-3.376274976197272,1.4832590215283343,-3.3512827864552843
-0.5274328839156793,4.467463374082872,-0.5554063113007817,4.412449529119137
-1.8409009795003797,3.390376875274242,-1.8447039064155941,3.383965881807243
5.848202332721718,-3.6678883590633493,5.846568595215945,-3.6737516655968774
0.04987185990627921,-2.9069460588330185,0.04660636449744878,-2.913985036584525
-1.811601397249405,0.8596795852646825,-1.7780350415791037,0.927569689566495
-2.3507029312031915,1.4309566663995956,-2.375808353612318,1.3817818978870409
-1.9014729237778625,-0.11933618203999938,-1.8602212186749694,-0.03621041777801457
7.771294968359646,-0.772059815248993,7.774007148117049,-0.7693918521416689
-4.006766727538453,3.4304043389977026,-4.0400044033207925,3.3658624662083954
6.995817100097275,-0.6987225303248519,7.025221607025624,-0.6423954849524458
-3.507179803268854,-3.3576673391420493,-3.479457511181373,-3.3016049486652443
-0.9508195214877608,-4.066700106257885,-0.9278836606768559,-4.021194176524197
-4.236837203064546,-1.7002433992563348,-4.236921273292604,-1.6992671534597572
-1.1032871453781,-3.718714689529382,-1.0546688608194748,-3.6217335998999634
0.6820945783421853,-1.3947778246399924,0.6815620675983496,-1.3963089797432364
0.8839013245663396,-0.8744000769065605,0.8982169612273806,-0.8462152096190927
-6.528549095105276,-2.3406101864255273,-6.575278528236141,-2.4322584781739502
2.4084878718956606,-0.6066489974373249,2.4043867724245778,-0.615767529857655
-0.32827298074355776,5.16458161578124,-0.3435185734995208,5.135073922736846
-0.06657556339081036,5.756037128109558,-0.06816076760494966,5.753861711151863
0.5767865740617925,0.9089064944663015,0.5755350092200119,0.9063620278067448
1.0942642221193268,3.4037706485015624,1.0907283186908172,3.396904159521235
-2.3665988895115664,-0.29588671883285084,-2.369017300281113,-0.2999738467866609
0.8740871903174788,3.9021528012918036,0.8629642363697341,3.8802708128472836
-4.441905830286086,2.0697018901128788,-4.43881762249813,2.077728926196094
-2.5886594257364415,-2.0290593114399833,-2.5841423169668074,-2.019493188440415
-1.583631313674388,1.4229889911023996,-1.5705604135048716,1.4499063246746244
-2.0185548949527097,-1.2982657262018602,-2.0128838247568015,-1.2864608520062162
0.2822515895861274,-5.744596793566356,0.3027367283981713,-5.704692452432704
3.8123861984419807,-2.345527165532975,3.830611799009731,-2.31076046871189
-1.8998488890469232,-4.780877864010058,-1.9031932530992246,-4.787732364675215
-0.6453392566701435,-3.511358826999215,-0.6449243257097854,-3.5109041539628327
-4.088719320323594,-2.145715953089634,-4.070517681990438,-2.108293603442924
-2.09222707233275,5.480140269423889,-2.113796601236534,5.438634066365137
-1.7784866230140193,-2.949787508673581,-1.7756087074223814,-2.943929092107808
5.391070186468593,-0.1628589596975067,5.385969258827762,-0.17490999699036744
-3.717772120955569,0.23800994016501487,-3.7233210519213897,0.22820854230104615
-1.7692615888409495,3.6280365726517894,-1.766671862497975,3.634426831567118
2.948708494823612,1.3343936140893047,2.951209480818151,1.3386246531174635
-1.2921550278987242,0.08412725147766026,-1.2798805108012323,0.10912712409818061
3.8503994898992473,-3.669694084121262,3.8367885676732216,-3.698836998697968
6.940215648892346,-1.98099212877654,6.938836399979463,-1.9864304494127998
-3.8881548661125573,1.8386568099523648,-3.88229785098836,1.8519953102100977
-1.723835925487852,2.752783484612001,-1.7347694869689798,2.7319639423867885
-5.512317079862673,-3.209820885265472,-5.474302277981754,-3.1324709513977247
0.7410368567158462,-1.116254760841036,0.7414238599260484,-1.115919747802704
3.341756302688523,1.5854674835828668,3.3400813853900733,1.5812563229095558
0.6829489706949554,7.301303478775889,0.7125657931086777,7.361539923586719
-2.5461197657008623,3.1249447755946393,-2.5344925666237854,3.149587485336708
3.47494182102243,-0.5760924292639206,3.4745562846807365,-0.5781350323645175
2.5825816406586632,3.867848448408024,2.5727537399993423,3.847973462859308
-0.5785695245169957,6.985219487722724,-0.568506109087864,7.006721988188387
0.0635786861126543,-1.2569503994654334,0.07925121671199016,-1.2258391863571259
0.8630281315137102,-2.4635254797885833,0.8802080274096675,-2.429873527162101
2.180052085131616,0.06805403129130748,2.185491433453625,0.07820757650617077
3.278508705107938,-2.5656906659308008,3.274267679325643,-2.5757140193406576
-0.7951402268939857,-3.598987325222943,-0.7966081478773921,-3.6022625426889716
-4.872530210373198,-2.75823326223391,-4.8916226638691,-2.7952377292179773
-3.060031611274146,2.8794124760539095,-3.0330349759814483,2.934926228099954
-0.07347396148557209,1.9492886955179909,-0.08437383916862239,1.9278431039967954
0.24554586820006558,0.9070956546178591,0.2808534009000402,0.9777810048062106
3.2544625927301665,0.33593457631050133,3.2630676217299373,0.3521016937996938
2.0966212254744536,0.03136730243616239,2.1023521130720457,0.042125919556723596
-0.5272210408738803,2.7649596815620927,-0.5495056574676056,2.721035744808165
1.7870176144465568,-3.0155104035659965,1.8000787328016261,-2.9905014852650416
-4.652329775253749,2.399072297092733,-4.654561448201417,2.3965863227566593
-3.3899135563688723,-2.64323280035987,-3.3882464782818005,-2.6391997573646666
0.055547180353776135,-0.9878857806762598,0.07416154016334647,-0.9508427361993783
-0.5942508669390724,-5.901822333371172,-0.5830183430458715,-5.880153611596377
0.3642912266567145,-0.6799753429288488,0.39159276377052443,-0.6256102476776899
1.20135511201685,6.168026535386609,1.192883357850603,6.151719185630085
0.47806630385594673,2.1164528036083565,0.46305756152979194,2.086631357637117
2.549015986244959,6.975673253944138,2.5659679916328955,7.009894496395924
-2.4899204394085226,-0.9503262550485834,-2.4887958682742797,-0.9473963173108895
-5.027792967676031,2.4775336541725874,-5.02965291193203,2.475931264125853
5.065996532044009,-6.340433898652225,5.049457443030814,-6.376295129897219
-0.9057919148487898,-4.354228806654794,-0.9234410552214065,-4.389956672931223
-1.1917765480754898,0.5252613794335543,-1.1994144951550916,0.5104769359577813
0.16418278711166948,1.0775051599003322,0.15320285629262115,1.055671867063531
0.10951337823304212,-1.4724167812678504,0.07066345142267938,-1.550402408041034
-2.1892786657628895,-2.1370518510205274,-2.185332792213087,-2.1287813965782734
1.6123121231882382,-0.22965866913140484,1.6017081117355616,-0.2514503008278438
0.8330790446883501,2.815469312555902,0.8335530702158842,2.816611542301583
-4.123007444992565,-3.1119209895741053,-4.134374538523187,-3.133787760037512
-3.0965916523739314,1.0875373134346966,-3.0983325290747707,1.0852856539952511
-5.502543418523909,0.20557015298181175,-5.496930909659234,0.21868923617518427
1.2838602328456095,-3.1063861771168764,1.3220959412348954,-3.030873413291551
-3.2629396919210154,-1.262463619185463,-3.27345354658399,-1.282602062696617
-5.148292886678568,-1.4991850765126205,-5.12803878691904,-1.4571905365544735
5.254824393524204,2.631839746771348,5.248901588435319,2.618663163212747
2.2848974307020016,5.823228426005993,2.275731221440533,5.805107777875127
-3.492626792108793,-5.953408710255418,-3.5127655392389245,-5.993511872026359
-0.5234623267298568,-4.001857524719853,-0.5211860829464492,-3.9978042796421205
6.139581805262628,-1.5217557567414788,6.150945480493843,-1.501360102340088
-1.9422643179723171,-1.4727449957126462,-1.9572074732156939,-1.502223829982464
2.6359793366674054,1.2461959027730543,2.6226296140307808,1.2188162959145519
6.717000965772223,1.2340519482815813,6.7263237242896885,1.2506362565981783
-0.7671476787340193,7.74800504411624,-0.7495241268958517,7.784820413116629
0.26779860302755765,-4.927365617478851,0.2694086278913217,-4.925068547486097
2.8908966754566894,-3.591552943661691,2.86738946566412,-3.640151010977259
-0.7358408300857753,-1.9583669238589836,-0.7164461800208941,-1.9196598502883444
-2.2467468830843065,1.4409313781843887,-2.261365799574869,1.4126961795470614
2.3979559040154643,0.7507912688261629,2.387520096927404,0.7292362225266682
1.2970880599259929,-4.626290908384392,1.3200076045555256,-4.581671733109356
-4.723705738657866,0.38448720043211326,-4.728909017669553,0.37574176358547895
2.2662251450630166,-0.23018306932836302,2.3056743876602854,-0.1520892416460453
0.5369785139251637,5.233581639383245,0.5713857310214433,5.303098851417193
4.119636856586054,-0.5433562064377333,4.140034189705293,-0.5040453850826381
-0.25057528798218487,-4.368827397800831,-0.24828795273404208,-4.364906179916712
1.042788019018269,0.40697989811014823,1.0262821769321635,0.37368461138194925
2.6798966863256206,2.7344298420992335,2.664129520913792,2.7024519502605395
-2.1873442612926324,-0.07358353261433372,-2.1848176924387523,-0.06780371364017766
5.368361079872394,3.349387820465128,5.379259748224349,3.369937050581203
-6.96501475359691,-7.923607968805871,-6.935683242836861,-7.863930148990868
-4.855727916429893,2.120416218671167,-4.8579297050801,2.1180116625028313
4.3483143235107455,5.111825476124371,4.336178317325098,5.08694780327418
2.106507294442,2.9603775077580434,2.092366344191279,2.931883971432188
0.21487677216510961,0.04514413256717858,0.22132571859822442,0.05797704481678544
-0.4305230789111727,-0.48544903761349706,-0.43619189460682206,-0.496723211034901
0.34107047241297367,2.5230351281515375,0.3483590801613516,2.5379233668201433
2.81762661019231,0.02732473268526079,2.835554695061609,0.06223343041729275
-1.6228753645350398,2.7623631413913277,-1.6507032244795163,2.7077225057205503
0.7769810406684093,-5.615326129021987,0.7694667958724943,-5.631565885822594
2.9638206230081816,0.11176286713778608,2.9520127104815335,0.08716443648071596
-5.499018889302857,-4.218870753415883,-5.507303975810966,-4.2342955710663395
-0.054071486043071146,-4.8928189122945875,-0.08665342844723894,-4.958791178758249
-0.024041268735272268,3.0383960155256857,-0.01850805461492922,3.0499839111913296
1.760864811592341,2.9854748358173215,1.7579183214982987,2.9794912541886993
-5.999190364995834,-2.1135757823434296,-6.0027461566027025,-2.119017305748307
-3.1424875640823076,3.6363247056500216,-3.1337634227432254,3.655449214029334
-0.3633470528016374,-0.8607240789236021,-0.3913692001004292,-0.916791018183656
-4.201451994136333,-1.3705823820910086,-4.210780957700363,-1.3880521828230856
2.6249294323535417,2.078957024093733,2.620682438622339,2.06992730570392
-1.1146757237623648,-0.5214442868525472,-1.1087630618581679,-0.5093304083259366
2.6751272480002832,-0.5053152418592917,2.643241730720461,-0.5700755879661998
2.204547944863162,-5.359976631235349,2.1948393813604015,-5.3810442647985095
1.7723210566570091,-5.749430915780182,1.7874812695512237,-5.720680744327442
-2.4281823789730717,-1.1740893970534096,-2.405408477678641,-1.1279194658420868
-1.075409186810184,1.5323336522598243,-1.0509909028662165,1.5817924968847223
-0.987757185891838,1.9988483339128194,-0.9851412323739668,2.004751718378391
1.892105007510338,-1.7390853040859806,1.8994649192116748,-1.7252986537275654
-2.9516235497283154,-0.6846137104872657,-2.9709807044952976,-0.7224463202885351
1.4006920386389283,0.15630101358847087,1.39866795421221,0.15180595206095954
-1.5530531458537928,-0.9041274330754617,-1.5302959770078148,-0.8582410661516457
3.874915123363029,0.8004632020142952,3.877981646295191,0.8054221368405315
-2.9740154770451834,2.7078087354128475,-2.99125098839416,2.6748001361065468
-3.8498493371402103,-0.6727069700614828,-3.853099141266388,-0.6780193524166617
-3.4591748315202935,-1.9443986825092892,-3.4497088661142232,-1.9246263916022546
-0.12352531378236775,0.3281456502004239,-0.12906755307334217,0.3171583523105361
0.6581519291858563,4.0785557977405436,0.6789606708171279,4.120639969619637
0.8269659789003829,-3.4816559553153277,0.8235730527079617,-3.489309476714782
2.643507080353846,1.4845260333593002,2.642875567182128,1.4826205681788038
-0.8859292548791216,-2.235323615702586,-0.8644793845085936,-2.1925021784232923
3.0587938611142897,5.31755320657836,3.0638573143659715,5.327544945468669
-0.21404326742839774,-3.5105512642947603,-0.19851133177078206,-3.4800081822600584
-2.236737438241731,0.25513167468470455,-2.2243947546943876,0.28061595038657505
-2.0805355159975507,3.725145971323941,-2.0933474690204292,3.7008544592030956
0.6805917713064367,0.01868581374537709,0.6289488833599373,-0.08482678012858741
-5.809236268057034,-1.795296120724113,-5.817452997002594,-1.810069931084144
-1.8256997009034264,-7.0747382466833955,-1.811845990091697,-7.047609205781379
0.8164982163071093,-1.382896414380248,0.815944799876531,-1.3845127890541429
1.1915477525076683,2.6401074987591047,1.1837925618076495,2.6246405401077624
-1.7202291106640544,1.4865017753300873,-1.707664364406444,1.5124636887088303
-0.5029995276347876,-0.8455391141967928,-0.4961671129944075,-0.8318471748516525
5.780048587866735,-0.02225575585451947,5.772113406930764,-0.04008298204755873
-1.1844613714140138,7.60975346841831,-1.1815924108887847,7.6171773090366575
-0.03567036469363441,-0.035640065016619066,-0.037161146502672736,-0.038615596927946735
0.39465226574416934,-0.06702221203967844,0.3929340375778694,-0.07060334668259316
-2.1591127195863775,4.2970978041898675,-2.1700010554257494,4.2767767105589725
-0.7936815083233566,-0.4920817005378761,-0.7838079482851581,-0.4721495302439872
4.448515598516833,2.0677883950852003,4.43755790828704,2.0447191988458524
1.0430238577765265,-5.345793406555669,1.074469223195488,-5.284158301825655
-0.4657463160722586,4.198139582206672,-0.4761329284537314,4.178233020229768
4.599682137141922,1.8851561513020147,4.631270184508992,1.9470964942854108
5.168639445354871,-0.10628087667923206,5.169569503465425,-0.10618522313809653
-1.8212150971390078,0.7374284575192406,-1.8549535021039607,0.670691634462276
-3.8846318027595506,2.1547077382892605,-3.8915601063410175,2.142527808185038
4.199130254352512,1.6544616584001444,4.212341866426803,1.6797455027148736
-2.0221430722531237,1.3130069039451109,-2.029696825919802,1.2988045232027072
-1.6294794361364293,4.07764850006503,-1.6196139726650072,4.0986189631616785
0.3983325256915055,-3.049504781447467,0.3921826411193174,-3.0624543695503226
-3.0355518090708493,0.5842823957179875,-3.0599914835736226,0.5365274890006855
-0.21575943904549327,4.166510735142661,-0.2422180349783042,4.114370390619771
-0.7165546567498651,-0.2160061489531974,-0.7018048597213478,-0.18630092260608638
2.397196709931538,-3.314225593448067,2.404428352940561,-3.3011322766697977
-5.387276118377931,2.644388840346554,-5.382341124281988,2.65652598851671
-1.991144774882904,1.3876655818788362,-1.9991068905044225,1.3726486165139051
-1.9370638589702809,1.3284027447457296,-1.9285970090617615,1.3462154236702075
0.9692138196995617,5.656405923023002,0.9777747274291728,5.674155899192989
0.8620949439739334,-7.324517772048315,0.8442571814267175,-7.36172209645291
-1.3425414582905,-7.423562925012507,-1.387042875417649,-7.513366336016581
3.0717146876952226,-4.42362284178659,3.0994099831028343,-4.370017577975742
2.20448490769827,6.368448621512258,2.2009448669087353,6.36169959824114
6.295332980937355,4.104411813593949,6.285262055831487,4.082836191845411
0.46610786300788487,-1.531300582399294,0.48237615653352217,-1.4991802119144504
-4.8829156793870645,1.5397140718693862,-4.926695855221888,1.4540638172771159
-2.422595973486539,-3.1329764776889073,-2.397517077500436,-3.082529403100149
-2.446613687630282,-1.8532496209432627,-2.4402295445162334,-1.8399677237036982
0.5015930699574442,-1.5998129201350968,0.5311076538672322,-1.5412235348034615
-1.3995304574063034,-0.492623531393512,-1.399006373826789,-0.4911856865022374
1.6252078396240417,-0.867366421958246,1.6193247450334622,-0.879828319595493
-0.4083308270277288,-4.589440140162002,-0.4257628148798779,-4.624941535193311
1.2812317150579124,5.22030705988737,1.2883023115013226,5.234897301374322
-1.112274078339906,4.152198332219557,-1.1182696899149955,4.141284474589364
0.8868344712243941,-2.2524618767794387,0.9021878080444037,-2.2224354269073148
-0.8501667444727116,3.2745912571343867,-0.8572792807061519,3.2612067092822583
0.5592833523517051,7.722379180356474,0.5215726969074794,7.648073598292135
-0.0631777214748253,-3.836389167527249,-0.08844374920037594,-3.8875480414381727
3.452861247034564,-1.5249919172610387,3.4630250860570815,-1.5060886271905658
-1.0151539328875956,1.073789725637177,-1.005763951668626,1.093094132275851
-2.253098987268607,-0.28375838287741734,-2.243848414590029,-0.26454384694809385
0.5306377098249601,0.9522547006515673,0.4795935936965069,0.8501480491014026
0.735343639738724,0.18195781419629325,0.7553419891184945,0.22173677924274082
0.4049658924560409,4.087765746431757,0.3965994211035174,4.071586601074077
0.5321981484454053,0.1646778249284326,0.5390540192169685,0.17823755703209404
2.8771544928119126,2.9099217536781947,2.9145691331117862,2.9842704687207995
0.6232091849682858,1.0221809496033012,0.6467606691945645,1.069246032644328
1.6047581049134578,-1.5368107327954077,1.581596619820747,-1.5839356054876117
-3.729204506948438,-1.22023219369703,-3.747081168351105,-1.2549315626364916
-3.8366356510314388,-0.22787942257116747,-3.8527988670805864,-0.2589479391309172
-2.716334587482548,-0.8761436571660379,-2.7275417322108066,-0.8977881114891744
2.4521924484056803,0.6798281032126406,2.4637054896854744,0.7021404374940793
3.427203899216248,-3.5486776350636,3.4498673746423956,-3.5051083086624315
-3.2363683196164414,0.4534421736115928,-3.2529893036045214,0.42137039897010753
-3.987335917766753,-1.8786873070449999,-3.9887865899228814,-1.8805587211957238
-1.0011138699787325,-1.8736590281264829,-1.024676541797168,-1.9207626497931738
-0.7839216884310238,2.903908488867619,-0.7424064127954888,2.9876945525747662
-5.165311163105566,2.930874968230092,-5.144843600942334,2.9740506520571244
-0.43584536475029795,2.265730811986303,-0.410867282335999,2.3162170511712117
2.3673380159354203,-1.4135882276474012,2.3683636594121946,-1.412575703632367
-4.381659741505109,-1.1149792754424293,-4.358876471678664,-1.0681205316790083
-0.3587414226396176,1.8994918687873903,-0.39048582970371515,1.8364451983650052
-2.966715307253114,-0.05846952584022709,-2.9526208087767336,-0.029287941128299556
2.6189767965612045,-0.41988841469799615,2.6289029797501735,-0.40099195332700305
-2.2540276906786465,-4.43186029934485,-2.253998570319717,-4.431789185298202
-0.7996982332290903,-2.1823172439773044,-0.7772212905645495,-2.1374618444117193
0.2815252073940129,0.31586418591436805,0.30021199840371937,0.35319600526994177
-4.435704738514826,2.8209027162383933,-4.4270684230344,2.840150789382477
-6.785624471982353,-0.05951747102556233,-6.758948297818369,-0.003882285575309314
2.752723253502169,2.793493620513578,2.7597780756547285,2.8071450743391444
-0.10178437373533587,0.8996382044004501,-0.1189790663015384,0.8654352085393489
5.3723259117464055,0.27213215752047176,5.354459240969367,0.23462946044706534
-1.1154560968939287,-1.6961303315050518,-1.1055854117088668,-1.6762986085483638
1.4638371323572232,-1.6160025826446476,1.4655988111302143,-1.6132468894205618
-0.009067579889282838,2.751815459785648,0.01880895443330889,2.8080365177565447
-2.4008373338428814,-5.371698521177624,-2.406521015843412,-5.383162191978146
5.175254267043428,-2.5298257235360206,5.1768360247882335,-2.5288383692030774
0.5685257721010404,0.017785680013462438,0.5732564780867879,0.027057989524655275
4.542772421448664,-0.9672490470834298,4.548150506889601,-0.9581913181163242
0.48758841981263135,-4.079684821037704,0.4903734221437213,-4.074968846510011
1.709790078776036,-2.1055200520241706,1.7077783718013815,-2.1104769439580022
0.43773064677533524,0.8850835804980616,0.4126672759017822,0.8349584644577637
2.081695246050753,-1.0324402877607444,2.0887060916981737,-1.019296443647009
-7.272108861148886,1.3989731886125876,-7.263651105430139,1.4185823376591489
-1.2265862759908195,-4.590214653608654,-1.2346244993946223,-4.606652158438412
-1.8995711244047866,-2.4435450240363914,-1.9270422615049991,-2.4982582670668454
-1.0055414367231081,1.823604173578093,-1.0246382693934826,1.7860583871535902
3.7744646228097913,9.831000869421972,3.793403820963947,9.86926482681318
3.058673241447656,-0.22968211712670472,3.0713488111959233,-0.20540332224665064
-0.9863299146024697,3.2839973792147155,-1.0358408721286485,3.185863588104026
0.23250481171328363,-3.303483959095599,0.20834689054876462,-3.3524364968076457
1.8430654003677533,-1.0509842899443713,1.8680455817562467,-1.001824273311267
-8.669943128768477,-3.229936500419563,-8.676665828171705,-3.2409979917924208
3.086418305603169,3.1295559610939536,3.07336296429565,3.1029311094358487
5.184856831677293,-1.665354998629913,5.1561462561758304,-1.7248095012847608
-2.279015465296294,3.9591702649197975,-2.2549795653278903,4.008681064965956
-1.8793387860099096,-3.272194514048095,-1.8902144281040756,-3.29386360584041
-0.5774166889802113,1.3826009075798547,-0.582825316185916,1.3722123583417232
0.06532906422519892,-3.446328334935235,0.053153448895439694,-3.471283905423508
3.0416730125389106,1.2225679367175932,3.0279347037392306,1.1942700798355013
-2.2579237117087234,1.3326330234841852,-2.264679283257506,1.32010999418239
3.1701144011463827,4.792920025069323,3.217670536404495,4.887770874321859
5.341567724531698,2.351679754837622,5.3629665773155235,2.3930698424120096
-5.46326164246547,-1.106642275341868,-5.443881009080757,-1.0662219178075003
2.148541750145168,2.316630778275615,2.151569196544941,2.3223510691774107
-0.607266792940963,-6.998473722671094,-0.5968320045173876,-6.978581355390592
-2.45139794267039,2.220426124807588,-2.4586743021719224,2.207076890026187
-2.147102969036846,-0.9726811138765327,-2.171241017278961,-1.0203960313448497
1.6423705058800744,-3.118586918305546,1.6588557431631559,-3.08669830025305
0.14675867447728863,2.214902495137575,0.1461092754329828,2.213928319348237
-4.269361195432867,6.687083781764909,-4.2874967824581045,6.6533850415743885
-0.7507553402882023,0.7485445501204722,-0.7564669779559325,0.7375014266269955
-1.4288165737439424,4.547170514102193,-1.4611123791587337,4.483829961341354
-2.3208099681430467,4.955643876928661,-2.322082689150643,4.954719914007324
-7.779421524634061,-1.7901457881281708,-7.785137928511004,-1.7992523438176053
1.3569236968268286,-4.658037865765389,1.3595724137669343,-4.653985928316567
1.5331930345203861,-0.452518204450271,1.5422945921412758,-0.4349096159219171
-2.265625864471699,-0.18268848335071453,-2.2316367222746196,-0.11397549951218586
1.1808225941428772,-5.347214058421143,1.1620477516718744,-5.386066172300113
2.181669609841459,-5.755957408222522,2.1853819248530906,-5.750242455899698
1.7910617096171941,5.030043574891969,1.7878736256816123,5.023912036355547
-4.986356787119362,-1.2539103208568492,-4.981675924460854,-1.243075534313847
-2.972378480999462,1.1385095339653886,-2.9823401897088684,1.1197828501951395
2.371804322415431,-1.856116470119571,2.3424463479246125,-1.915947457356628
2.4638568807898737,0.9453581214169994,2.4530071861027043,0.922985904188754
-0.19013305031882938,1.1985026516761157,-0.205355533141878,1.1683244225265588
-0.42679009793669914,-0.876495726583506,-0.4265517764713622,-0.8760229552827774
3.734410963499349,1.6355711350161861,3.7454047014514558,1.6565730702087438
3.831503647813059,3.871054493287881,3.82796989207165,3.8633463229346243
-3.193251742562988,-4.95435402765393,-3.2141167278043623,-4.995842033296515
-2.6716239813907574,-4.78724898297131,-2.6832818825622735,-4.810470848048522
-2.1058374407732323,2.8708593862603387,-2.0731004542430727,2.937529969257645
0.421569431803491,-6.148322531561772,0.41409962284140417,-6.164443372458284
3.0730354434534686,-1.2665748569286444,3.0790691835469493,-1.2557597597476855
-3.2948425268443526,-0.22948724142833823,-3.2835758478425596,-0.20587931384053682
1.7831162805449554,0.3779925506194971,1.7684697219656087,0.3481607732109878
0.900768593911679,1.1490934677627997,0.9147713661563546,1.1769887804326882
3.372448847555702,0.457410075701798,3.394881470586289,0.5012130367277605
0.12108334608378332,-0.9676142527399441,0.12320518203994478,-0.9635749760123834
1.4476640236035898,2.226461074593198,1.3975085580454274,2.126037136912317
1.2552034150623943,-3.9315567718437663,1.251672911621245,-3.9397061628225396
1.4729861393255075,6.198737714665795,1.478491915114138,6.210298828207213
1.4752258686309458,3.58207952152998,1.4655277176924781,3.5627899345737992
-1.597674634266389,-1.3336977442581377,-1.6084273689107644,-1.3548886833760598
1.3014129033862651,2.1567685478685954,1.3288499685385566,2.21156731580594
-2.450968977949169,-1.0426317275537416,-2.417557218710457,-0.9751561706945624
0.8453402673946385,-1.0594864867543496,0.8537680916139989,-1.0430954851583996
-2.301074074746083,-3.037007061476958,-2.294130697902473,-3.02285587371743
1.5107200931900124,0.7025880764873582,1.5215017111763105,0.7237595372320236
-6.0248758039861245,3.864141876286467,-6.008329067749067,3.8999240365041707
6.188178291888963,-1.9478699738539291,6.202903362415057,-1.9208399427779699
1.1226865073743368,-2.6807036001601237,1.1495063423868215,-2.627896201749363
0.7579468793304249,-1.98091912487249,0.7664143798187739,-1.9645749182196877
-2.575760840194132,3.4868867495433276,-2.568350904917585,3.5031660984379505
0.8017345614955317,0.24452452710339811,0.8051624877285026,0.25115078285356474
-0.9037338641973566,-2.4988324993773183,-0.9032618189029121,-2.498005216406121
-6.387597706669184,-0.05237223293964053,-6.41350673256811,-0.10204073542809024
-1.800975217341359,5.115608094558921,-1.8138430969572061,5.091345186254297
-0.9127759796445338,3.14577753770431,-0.8963294133863342,3.1795105874101215
-0.12595341853563954,-1.3030823313660593,-0.1172644408347297,-1.2858819744049146
1.497770571055753,2.0641651769280043,1.4764108082388332,2.021288293250721
3.7161768145970413,5.267915685820584,3.7263759464198762,5.287948262855628
-2.1063047921014766,2.6824369638255443,-2.121726470069827,2.6527585413580477
-4.692168288201699,0.011318277287169541,-4.689995778003982,0.017250714493774848
-2.2443832812280857,-0.5664501802128747,-2.2666298353103933,-0.6102806042899129
-3.7420390601257623,2.8586794442595176,-3.7682323053840445,2.8080403856662675
0.63809060316044,-2.3082721394354238,0.6657886201097334,-2.253481706911996
0.05558290712698442,0.7923719351378861,0.05980809989016623,0.800937411955384
2.917425380280391,2.9188583331670044,2.936373870002914,2.9562626491976767
4.3752620299101705,-1.1424300153140154,4.389280483420475,-1.1160645449155022
0.025876958682820132,-0.2193599946648759,0.04341602830902923,-0.18432766071165202
-3.7292920896865476,-6.4651872826584045,-3.745003718200212,-6.496442703067789
3.591447243583468,-4.587044398996563,3.6006115811145936,-4.570704281320179
3.6167169495998013,-1.416441073596738,3.5995858659422213,-1.4521646565513793
2.275386329672577,1.0325209338086843,2.2900070763038123,1.06116801060716
-4.099284438121537,-1.1862092777551225,-4.074487685706344,-1.1354310191544048
0.1044460236621031,-2.9809071943659755,0.11074027995355651,-2.968857605468471
-0.5123941176754281,1.3564910977369276,-0.5125645119199379,1.3565526316942198
0.3838540108650948,-2.175248236895824,0.3848865563945552,-2.1736803648506107
5.770582122366854,-2.7737475292080696,5.761279612315812,-2.7947710855329344
1.4369694233953514,1.8433634727273376,1.432902320275423,1.8350551484829944
-1.3703776433188284,3.893883576197503,-1.344871045496706,3.946017708852623
-6.453326270733389,0.06426545548190696,-6.46995924604145,0.03319097034693955
1.4486782324135863,-2.518814813671718,1.4273277909529694,-2.5624307707919898
-2.401538585821318,-0.08716136590991114,-2.4004774838067644,-0.08424239740332268
-4.380568138752512,3.7135992348178313,-4.372409712269532,3.7320237221291954
-3.203792423960678,-2.93933086454106,-3.247434072119853,-3.026028191625294
4.061662486558732,0.03804403901076431,4.071046371543296,0.05544578276056865
-1.3705344374594284,-6.139741114048745,-1.3811951576135992,-6.161636767600555
0.5431487827908422,0.38060841167133297,0.5331160599270486,0.360423738189659
0.09609125916460402,-2.9829608773559717,0.11049305213503327,-2.9546937389626957
-3.67426356304583,1.1894542979018394,-3.6434215236820826,1.252580887604564
2.269969163815368,-0.29516443234022915,2.2724983224180497,-0.29092301651368907
-5.507218800627266,1.5158094610748802,-5.478467755194179,1.5754285650864492
2.6119089186086386,-9.512702803973264,2.598078625285528,-9.54285315859929
5.37721427522853,3.5878345633643964,5.376535149888047,3.585265500669673
1.5823510604525728,2.7919382776535646,1.5646099498230939,2.7563930771131635
1.7299371514517667,-1.4476575180353861,1.738333251304637,-1.4316944567596146
-2.214060582465983,0.6253724870142254,-2.200100411456665,0.6541466280392277
1.243307002351192,-0.3765876739494293,1.2288882871692117,-0.40590884861320126
-2.228925916010575,-0.47697186719207724,-2.270709004617685,-0.5598654658710241
-1.956213522724586,1.1458379583173246,-1.9742443104353953,1.1106309880325886
-0.5906571237576546,0.09623496301307581,-0.5793797397061763,0.11900557590018776
3.216608014396675,2.502055041810918,3.220497119998435,2.5091690746111945
8.363442402397135,-7.830566480496133,8.351801320056623,-7.857997681259992
0.6421456008412538,-0.43723805812840244,0.6381766685400125,-0.4454667789330874
-5.901314818027775,-1.7814086673297236,-5.864095596826565,-1.7052771173278929
1.8317836530424936,-0.2855233349343847,1.8255681741703644,-0.29862150033686563
0.41222370127462077,1.7144754880783182,0.38630947901489776,1.6627974157859693
-0.3640596285593965,-1.698050436597233,-0.3464650536481634,-1.6630251588075267
3.5374945602731027,1.8239952875567,3.506257521258851,1.7606340424264197
-1.7853765488670963,-8.90833067249003,-1.7692545525719399,-8.876988475517482
-1.1239059161994625,-4.149617207958895,-1.1289590663577693,-4.160044822528932
-0.210386447260617,-4.4980941030909145,-0.18918882957793057,-4.456387740223715
-2.754262763584707,-0.7660044238183865,-2.738738077131088,-0.7341537914093865
-3.161952892365009,2.502135691681786,-3.162175678862057,2.5031812980502703
-1.090138929014865,0.9526062611195415,-1.0983204449439474,0.9367725370100796
-0.8048325400045494,-3.83132998887023,-0.8052574430502999,-3.8325551501956165
-0.25133535407512436,4.5396918765536185,-0.2667400193479723,4.509734464395691
-2.2327747984273256,-2.001357308604776,-2.239843715208001,-2.0150788113913967
4.842100568874119,5.28921442152239,4.845285647441191,5.294842035863418
-3.4509394629039347,0.3028562266148128,-3.4372299795873817,0.3314924492964958
-8.096814678107453,1.7185997648705962,-8.106444460461914,1.7023665111612962
-0.404202152547063,-0.34834965017662234,-0.39296156300473173,-0.3257907438334935
1.436602187130202,-1.580086939661023,1.454449772712511,-1.5451441619811432
0.04493067590189459,-4.543715643056954,0.03726715027213509,-4.559825547468493
-1.5148507811285084,4.012760254879646,-1.5163314722570824,4.010988712229704
2.8548670200690993,-0.816164060552786,2.8587552217830985,-0.8094902221417399
-3.350533101665881,-0.5663939393183057,-3.3628450969491004,-0.5899814633441396
-0.40568073871721316,-0.21899237383467574,-0.3875369148273364,-0.1826046439756934
-2.08612742844761,-1.9352043316536316,-2.097505367723761,-1.957582255537897
-0.2950803613953662,-1.2199153226364252,-0.2795242739025778,-1.1889095460929235
-2.7962015740197246,3.3889468857000717,-2.825327225944857,3.3322130009390114
-2.5221619850789962,1.7236769624392858,-2.5260119854788585,1.7171204304691141
-3.436077051620316,-1.5518661648656022,-3.407184148964541,-1.493181485058855
-1.6711459410716074,0.9505002220540612,-1.7117723617795293,0.869972657424049
2.756603335407887,-1.963106647427539,2.779339892632504,-1.9188966727627879
-0.8497701114069309,1.6609939344997435,-0.8387672223363692,1.683567482370482
0.29779404150119093,-1.106532765872801,0.3123712343068329,-1.0776659573694705
-1.738083799377168,4.304760464179533,-1.7378762279448807,4.306490212168067
4.41757392036901,-4.599732712851448,4.391052698760727,-4.655045009056333
3.0077731053789334,-0.13937111170236224,2.986731758939099,-0.1824936915703458
3.587100157309629,3.862338716551575,3.5857475656363524,3.8590739868126827
0.9033748963243818,-1.8128871568145468,0.8895453871398001,-1.8411577209070678
1.3193630961904026,0.004996081711708398,1.326582094332931,0.01898910342938608
0.9427023330305054,-0.17932415518884565,0.9115822626886616,-0.2419131364049286
-0.3501942345763437,1.6278566008595747,-0.3824274499247148,1.5637835323522933
-4.014722361847072,3.0012875571101003,-4.020596602220532,2.9914027431468972
1.3717007713085425,0.8351507025729089,1.381024931069383,0.8534766188655876
2.172175423053327,1.5926104074316765,2.1571596541721814,1.5621139569942868
1.2537734709187245,0.7552114391380277,1.2278178877126429,0.7030042117403222
-3.896758111375274,-2.358267878047623,-3.9173824646386697,-2.398598287262558
2.1317329162839616,-1.2894048021813576,2.090612999668725,-1.372582805271529
3.647009658738292,3.0139241435150343,3.6631823103575987,3.045546315142455
1.4755127297787023,1.2326683431854784,1.4865627690749925,1.2544781015165547
-0.7046326719700852,0.5223736673391012,-0.676855022854413,0.578255320283062
1.6595967449966602,-0.865624499883458,1.6512063488351707,-0.8831123265252016
2.5615489109004264,-0.1788597424904976,2.552609730971655,-0.19763387988571457
-5.931447107729055,0.24759632627139358,-5.942125428035771,0.22828578000442917
0.15910603051703215,2.152083213234154,0.18233367402927667,2.198848336873744
0.2990639008545779,-3.1121511111464137,0.2882698852227622,-3.1343660022949726
-3.6659089317136364,1.6558214721120526,-3.6696062928012276,1.6499452316176209
1.0989273022117267,2.5983091484675076,1.0633445444987981,2.5272112907286584
-4.424735553368091,-2.2575151304705403,-4.398484605338904,-2.2038995087700286
-2.9164175428581007,3.038416227856523,-2.8772941193692434,3.1181618924994883
-0.1062382194531162,-1.8182372582312214,-0.08456211784466358,-1.775156351880688
-1.202182130230959,-6.418507909325277,-1.181632817294052,-6.378087481960231
-0.2429590717335657,0.502993553728718,-0.25183300875511583,0.48541275851911453
0.42851316497738207,3.662262019736825,0.44857625723671324,3.702862155072392
-3.276690211907915,1.7594562767632413,-3.301781307416078,1.7106785580197388
4.505055175141553,4.465645323427347,4.48695604230018,4.428679260258026
0.2949585769942471,2.7474568558931196,0.27985817496239396,2.7176205729667804
3.7079528525182144,0.6918297630625319,3.733972187661351,0.7427323857442373
-3.9898988793142967,6.193254127869107,-3.9640196242993886,6.247407206577806
2.8356161651957406,-3.135411502810179,2.84475609728171,-3.118619540725803
-1.1736513300137583,-3.2860488151924754,-1.2064521054633472,-3.351808969345108
-0.0193220151761497,-4.965561898415979,-0.035264899746775255,-4.998280081303033
-1.2406227013417603,-3.1927422965169674,-1.2656957453347375,-3.243008593487602
0.26382993449223263,0.10586395112951558,0.2675303227812384,0.11319346434788764
-1.7878772244306844,0.5325904036905671,-1.7923449743614253,0.5243490178409973
-0.8099381473699446,2.6148408858362258,-0.8421342750864744,2.551164095301322
1.8333308512347086,-0.23613557461820725,1.837128218150827,-0.22920022707726334
2.030273955601329,0.18958249365370788,2.0586401865339328,0.24566094729118
-2.7332000558579073,-0.7460614280284372,-2.725542043445909,-0.7299478914718793
1.16802962215217,-5.243617316545401,1.196119957030372,-5.188717250023503
-5.7949946670511565,5.8064005476064375,-5.788674746744023,5.821979547032085
0.03518719755109122,1.5440019384836372,0.01232561617495274,1.4985277483865074
1.7281853767310813,1.429060354835562,1.7246190192284097,1.4215851212236545
2.806068393293813,-3.4285750176433356,2.7937994896972547,-3.4546402732289785
4.256444532863384,-3.3412866971234325,4.266235898235233,-3.323706755773509
0.5146882024636185,1.6513816861534703,0.5383678969810021,1.6988461643656745
1.1244739742135164,5.354361020081002,1.1106413175483865,5.327220373204793
1.895617193314033,-2.0121785454142866,1.9018917388005658,-2.000609953979992
-0.15595323950461792,-6.333291124939385,-0.13227515437054715,-6.286952281016488
0.8552102557759477,2.2734327533254697,0.8347388657730341,2.2325850954916895
2.509471384602794,7.3555738354608575,2.5182012833834286,7.373428412044328
-5.09957716637097,1.9939847853394517,-5.09695003195757,2.001299112173748
2.261972155903056,0.39252076756023735,2.273880953756202,0.41564035005826167
5.078688527961806,-4.860576877529804,5.072476201342296,-4.875538847530096
-4.234644869306107,3.81603676604598,-4.226380319931512,3.834641498066924
-5.060744792816473,1.8620525262998648,-5.064171320939019,1.8572241161813159
-0.24167525080947877,1.8273132517630157,-0.22504095137114305,1.8609722424265507
-0.6756987196858446,3.1188577062784546,-0.6947916187057764,3.081427167800477
5.928594439357376,5.178133372643365,5.927351134314062,5.174518321255072
-4.257347618963239,-0.9064228132655917,-4.292335915212536,-0.9751139711948076
-5.609895710470613,0.6531321585191654,-5.618406435581019,0.6381166651774948
-2.864661169690663,1.0788818107845608,-2.8666076443493225,1.0761391227199335
-4.135019298640708,0.760994773174827,-4.142027564736092,0.7485040541836464
2.640078201761874,-7.3326523147079525,2.633618358882501,-7.347702962587721
-2.2267345112345374,-1.2939396748935186,-2.2008896589530296,-1.2417161608111202
-4.278347473858737,2.766609988199305,-4.3057840510574845,2.7136499313871516
-0.7407578227135059,0.9131275779774819,-0.7379017568383065,0.9192442900332223
3.2277443967297934,-1.5184456420133736,3.2603078265969794,-1.4546659962594175
0.4184674125736204,-0.3890924799669456,0.4006816845029809,-0.42487107615172354
2.7370090427511387,-2.957265187059967,2.7331155197438557,-2.966476717159467
-0.2523393448968859,4.183412438046356,-0.25905306071973233,4.17077706983685
-0.7363113875727518,2.706264801167509,-0.7502001020874236,2.679193404500351
1.8188209298437497,-1.7035314061384241,1.8156221299032704,-1.7108314091371626
-1.6774403133334501,2.6772587687056935,-1.6634719701894722,2.706214598377762
-2.465206946534505,-3.0271804922671466,-2.4720908584612586,-3.040626760599186
-2.4471678750293617,0.993421460776852,-2.4664536586581582,0.9558446432117623
2.2065160562838932,-0.09211290460708181,2.2186518815131406,-0.06860240843196463
1.543694722618375,-10.631044976878425,1.555042750653746,-10.610666680853548
-1.8755327969932387,-4.994880597504151,-1.86978186431489,-4.983588877462211
-3.8937230468983377,2.44072279796754,-3.876820339101563,2.4762562854729593
-1.7105509299360255,-3.086642951361356,-1.6942106060563007,-3.05390579602449
-4.34692878659803,-4.042721660825003,-4.349205906329519,-4.046490080517744
2.020727677105385,5.7678907128151975,2.0564344102493948,5.839595864201736
2.089455239098829,4.895402511120988,2.0855565568216976,4.887726199491279
-2.74208567722241,2.5849072438393947,-2.764007066887264,2.5424277533082904
-3.5920701887719684,4.351739777220066,-3.6114542215517176,4.314920724302528
-2.148525151029581,-4.548922433235474,-2.117426839043529,-4.486768363620839
1.4412031668443859,1.945884622939259,1.4621477241951535,1.9876155102121773
0.9719795946011732,-5.839737275294617,0.9626882956118068,-5.8596349461249195
-2.7325277427605563,3.259789758522612,-2.7083206811687495,3.3096779637399885
3.2186462556199262,-1.8519899653662133,3.2397268640076433,-1.8112292413250084
0.7444811208644123,-0.9272177519858085,0.7571714082941632,-0.9022453961169538
0.6846617812173804,2.215432336048921,0.7011867113327401,2.2486251482411834
-4.621220793725182,-0.7396700808423893,-4.599246727594399,-0.6942853863995467
0.6762196190236903,4.118141283056592,0.6799992294252902,4.126167775379373
3.13230014057646,-0.468399029845839,3.1396291407452854,-0.45487858473582565
5.31499048084978,-2.959728406908929,5.264879995863315,-3.0622453885432703
1.4610894874957536,2.009123006978816,1.4637529091186359,2.014295587385456
0.9874265605937033,2.2462255043874158,0.9922365415239294,2.2558913152163416
4.208285276666146,3.386524818433953,4.215067603590976,3.399239634855049
-2.935397967721077,-1.659761765122389,-2.9208653322809295,-1.629985030641262
-1.2541440404759743,-0.8256098653578477,-1.2449695039563689,-0.8069765000868746
-1.0634928747515346,-1.0329867118190958,-1.0634723745413015,-1.0327608778249333
0.8641502353748114,2.4599407025114903,0.8525863730246108,2.4369365900575706
-1.7993923886059902,1.5231845401425992,-1.7855252769085348,1.5517841316600394
-0.5341869200040333,-1.4412435362843088,-0.5373911652042082,-1.447715023850206
1.3764741312704232,-1.3795456831551585,1.3786964266495487,-1.3757992864518844
3.321413323378656,4.976744873541415,3.2963003018697723,4.926237342297784
-1.8866031854701395,-0.6198238701054534,-1.8898395670964443,-0.6257638623621258
0.9364540768696005,-1.722658314453975,0.9302541307476281,-1.7356656856598631
-1.5589986507562905,-3.7931547659930733,-1.5303673470829469,-3.736006228003551
-6.294984268324212,1.832832165631978,-6.306450706277998,1.8123360540218951
-0.9895322426639946,2.8502729819245354,-0.9959105520726795,2.8383322904269446
-2.0476740000566407,3.5864482944872194,-2.0309395648713755,3.6212150214486885
-2.36226859803351,-0.29524842580368904,-2.404619045559611,-0.3792009826543562
-2.601642398280829,0.7064231194798448,-2.6246682084209167,0.6613699575127012
-1.6226452548378385,-0.5397449525863782,-1.6357944798083741,-0.565586294580468
-3.6687597726563337,-0.9117247439703353,-3.6772456091360812,-0.9276107645882288
1.534443547903141,-4.237587826489798,1.499697069677523,-4.308315228150301
-4.003308015932383,3.4822754103250575,-3.983354520085471,3.524123475813211
1.3328053105957935,-1.4934671835302915,1.337269554869684,-1.4852413804396714
1.8345194948768322,1.7532963940735078,1.8303956986348573,1.7447251326117574
0.5398236897633257,2.4488149561920194,0.5388298535257194,2.44705860762795
-0.699396467836383,0.7278174617599811,-0.691549806900543,0.7438700791941593
0.25720878599941666,-1.7061572119233837,0.2552947793621161,-1.7103603962528346
-0.5785436242076443,-3.2474353283643937,-0.5786632170300693,-3.248027682972449
0.6149957966954984,-0.7740319263551741,0.6119472155479774,-0.7804676728867348
-1.2397659689316214,2.38452934728772,-1.2119601127189723,2.440962853699159
1.1324422253513626,2.2174351901404377,1.1333984549848077,2.219339632749089
1.1925299882067844,1.6663801392147932,1.2020517025669717,1.6853021453762098
-0.6466204844284021,-4.408019367869004,-0.6466087406944746,-4.408522129148114
-3.038552854411147,1.482150063214388,-3.029151846127474,1.5022292328784943
1.3077754034131421,-2.686384397982809,1.2946850745434837,-2.7134608294821154
1.4721774970182504,3.915436314592275,1.4598198579490118,3.890885102805454
-1.2092207701900908,-4.255859371098308,-1.2133583481229384,-4.264444962798338
-1.736129434431407,1.150099547578952,-1.71582361196517,1.191492150259639
-4.924329217236202,0.8368921441383724,-4.957374686325087,0.7726065535270302
-0.9386092880912464,-0.2985045962822859,-0.9650536277881888,-0.3511265484335516
-0.8768694359002293,5.183252317430165,-0.823698074368711,5.2907670606029455
1.7805108549659965,0.7751092081955707,1.7792039786939988,0.7720247695303226
-7.868693525514941,1.0001914271567554,-7.844513156887478,1.0513800155692998
3.331913043033327,-4.416991192361315,3.3334256196506207,-4.415838167882328
-0.15533822740247322,2.931215493416475,-0.15515213582815054,2.9321354014292993
4.605520644534724,-5.261350969807438,4.576996512127268,-5.320844377523761
-0.6441186884113401,1.1059817536547254,-0.6553554871682739,1.083912664794755
0.06411915639715579,-3.5504086517588314,0.1123103945963263,-3.454647690957309
-2.6174179155094124,-0.48278268966141147,-2.625622462619202,-0.4983889139201794
3.9371297049695215,-3.6635066236709637,3.941246287047689,-3.65722279078002
-1.8721079564286167,-0.6108307190425861,-1.8513604540363795,-0.5688063218517287
0.8812325813904726,-0.7181939143170988,0.906302131185418,-0.6684739276025838
-1.3117574303202435,-3.713711489203682,-1.3150258080516204,-3.7204324358146437
0.07253902191261688,1.1517179493776555,0.07218336608088213,1.1511767117679643
-3.205316103004965,-0.710221723798076,-3.225007601858903,-0.7486416244604613
0.7982063768214056,2.644421651701594,0.8163157549209012,2.6808174713377744
-0.28033368786998,-3.904811905911744,-0.3295636964032839,-4.003836923643963
-2.0086472180234707,-2.14041805425351,-2.0197308939725427,-2.162268303707242
1.745822316843391,-2.293822602598348,1.77046211118672,-2.2455204814851992
5.72970179033948,-2.2080538423430442,5.729450923263158,-2.2108647238640304
-1.7533337521113752,-2.794945512202142,-1.7229871227414528,-2.7341320064467767
3.9005527737451673,-2.43689387885552,3.8830697399032896,-2.473589679341855
1.5326857545269639,0.37956122401750597,1.5369321737360524,0.38760028880686453
-2.0508518570416014,0.9759887715486883,-2.0274944581114798,1.0235614568621387
-2.4661051025054097,0.23762535128520929,-2.4942280353407904,0.18225294084464216
-0.812158938847808,-2.8402920440310124,-0.8231915676193846,-2.86256274311748
-0.10591711816703475,0.4540508423454813,-0.11226169548567749,0.4414741904751306
-1.7847653637744396,0.6632166062058841,-1.7944491354102947,0.6445641950223227
-1.812389132331607,0.31089189717514093,-1.801763959383781,0.33280718330917075
0.44137869746713987,5.560195477974973,0.47557704146978913,5.629382429560815
2.5228837527437014,5.58338531343314,2.5069855990562906,5.551679837784218
0.15662165403065023,0.3967252006162183,0.14522085814023397,0.3739377132870428
1.6520628177906527,-1.8206427000292882,1.63456817223277,-1.8564978321679506
-1.8675431967660026,-0.8087568364808237,-1.8963352140738947,-0.8658464612011587
-0.13141295053299903,3.3295479385082847,-0.1492738929173023,3.2944329932999064
-4.677668771456293,-5.59464165405809,-4.673953867037012,-5.586576467274229
0.7594356534601349,0.28003296610644657,0.7531128043773052,0.26717796344427736
-1.7310469040970207,-1.0687590797765565,-1.7346525367148162,-1.075565985779948
-3.5846416687591973,-0.21080049285489208,-3.5589961340475664,-0.15833377225884052
-3.789997401888447,0.6106759050523084,-3.794971140494594,0.6021122598964741
-0.5171509623640386,3.6228686139086834,-0.4971183384147143,3.663720701141114
0.4593583987906458,0.9042576803593474,0.44384117141797075,0.8732207827139429
-5.999176793374989,0.7595492210814325,-6.006719572893185,0.7466191381356182
7.362855216260671,3.597674862621766,7.362660596600695,3.595405516910716
-3.213622290491593,-1.179016850256889,-3.1794760652144944,-1.1098376999400523
6.050491910373601,-0.8028683304716748,6.028606827173891,-0.848818631428258
-3.151647349244419,-2.6720673738893583,-3.1632241114978124,-2.6946073944530977
-2.36637676829828,-0.8758446931674245,-2.3604360575811087,-0.863311638394847
3.8281171370490434,-2.3294605269100326,3.838697988718444,-2.3099859289454923
-2.655064637872794,2.224679656710888,-2.6876685560854416,2.1607448430343634
-0.6803296257863589,3.5089480241428253,-0.689090863022062,3.492248280665017
-1.6323051088640768,0.2567748586373075,-1.6659455711665154,0.19008887988302592
2.071838555562256,-0.30315719296736765,2.095164733321933,-0.2572561400065615
1.6254763728287465,-3.797863582678245,1.6453913938655103,-3.759224453820742
-0.00023742146838265366,9.673321584355289,0.0197672924028309,9.714965421547156
-2.397147363778669,0.10068789445025061,-2.4059137226824285,0.0839821948575949
3.492422310449045,-0.37074061971405353,3.4745669981652614,-0.4076939867885335
4.511966015853701,4.434451830042672,4.545742440269249,4.501229275973159
0.6342842025650791,-4.455267058239641,0.638550700272551,-4.4477011175729215
3.026954753944149,-0.7118345988203592,3.040544207786703,-0.6857987786690444
-2.6203643697462424,-0.6164014941765036,-2.630533111246507,-0.6359576867907969
1.7323476580822372,-1.2094714790270484,1.7714324889214905,-1.132091528237719
7.347769070317661,-7.409280619261171,7.367988199677125,-7.372577018898022
-2.1147634907249766,1.4928802487001245,-2.111966056677969,1.4994419302391795
1.109924045168995,1.8981508547914265,1.0654548039321308,1.809158020853349
-4.147756897888254,-1.8203205199244379,-4.149146627710258,-1.8220059812445681
0.3841989315718791,-0.5960838927308492,0.36122539215334637,-0.6422615037992004
-4.402990308234945,2.560207908080941,-4.40197943473344,2.5641499979470916
-0.8327720190779844,0.7940010388402627,-0.8657161284791486,0.7285283656559736
-0.1682860106712781,5.947191657821027,-0.16344872812292874,5.95792787878494
-0.3532062695722892,0.9619004412254761,-0.33425824583596814,1.000078353891399
0.6266287429677162,0.8267567152394861,0.6178914256390485,0.8092100223271466
6.0070190954616,3.581533534756835,5.99996816019689,3.5660069737870015
2.5484571768164845,2.652434917059997,2.5222186902953,2.599544943773089
-0.1869891949008288,1.916243424920189,-0.21094832363418325,1.8687121055292837
3.7025064769583023,2.3875190977869134,3.7037230181788336,2.389104463467282
1.037466639962548,2.1629674417891036,1.0539213043194957,2.1958916440706933
-4.049348631006617,-0.17887190160332125,-4.064555901920871,-0.20794837130014332
1.1263543982724165,2.814806751138427,1.1356273771733105,2.833447676641407
5.489748562329703,-2.7534169247320497,5.49481542191132,-2.745603411979955
-1.752440480726873,2.2952780950772103,-1.7328497582694626,2.3354394897812885
-4.780041228578679,-1.2220970708571064,-4.799561356280839,-1.2597286050621452
-5.619036846020663,-4.403410375002415,-5.612461785200861,-4.389105521774955
-1.922677126276818,-3.2465251253267713,-1.9290540677571673,-3.259177834772863
2.1255288081586707,0.7208576954773395,2.131537811434651,0.7322792668910992
5.169047428654033,4.490259238493531,5.179378201855432,4.5099327800457
-0.12095220619398993,2.1682366236918718,-0.09447216240848222,2.2216039099581932
-4.843601513649666,0.18940622266774593,-4.813494048229901,0.251289828634761
-0.6558748949627178,1.960955420104811,-0.6330683821736558,2.007121376516316
3.1322688437127404,1.1488414806900893,3.1194444635797915,1.1223284121576713
-7.532747134810209,-3.685950661689,-7.5111204655186965,-3.6407747238717567
0.5717850717326419,2.438497052501421,0.5714714674679873,2.438088624757129
0.33323943686368335,-1.0613028955279782,0.33239055752094093,-1.0632925667910602
-0.24196134562255622,1.8546653535672115,-0.2283304569392742,1.882322240591862
1.548222224200502,-1.871479218826565,1.5364304265182498,-1.8959021559579585
-0.4613725269972191,-2.2448255569607936,-0.4646065318573253,-2.2515169351261877
2.2833956818836962,2.6638641011200375,2.307539353984335,2.711829941522569
-4.322584293442838,2.4686838916912004,-4.309361275212726,2.4970076382776587
-1.8628301320864065,-2.401746054644575,-1.8435083555175877,-2.3628788232529487
0.4253271952110969,0.38298966859655764,0.41183637164515147,0.35592900846844894
-1.284231661598389,-1.5765078720373917,-1.2878377955606735,-1.583552546879453
2.1890509214923766,1.6427548620005898,2.1728399705428103,1.6098708171375429
2.3888310624879208,3.903252599507835,2.4097656940908805,3.9449741292771616
3.0470895784732384,-6.950105976487327,3.09979361702576,-6.846901760404531
1.0508964456374734,0.36125633347361286,1.0522441665438989,0.36365770775893774
2.508986589301021,-0.1794080719866408,2.495969536151594,-0.20632028742208314
-0.6790433150614631,6.5813723749333,-0.7119848274073967,6.5168307395211045
2.9019173993182625,2.571430351153335,2.9094303833412796,2.5859101972695684
2.0764678096796905,0.5645809625690927,2.0937077060807234,0.5984544948608121
0.9801991187873718,4.069204644508385,1.02587434838878,4.160911391249857
-2.4584829663576118,1.178170321090287,-2.4865999170136712,1.122966206621804
1.6950306143759235,1.1857073520317194,1.7089943531223108,1.2132623990280396
4.903996223285085,4.324228697594426,4.90861909960263,4.332547956132066
1.5564243604036365,-7.030017448062141,1.5362353461198812,-7.0721091364565245
-2.206223105281812,0.270985654991043,-2.192195648106563,0.2998318455849892
2.309684896559772,-6.3129506424580315,2.296081600912848,-6.342004273635187
-2.813763132165802,-2.5321501110098317,-2.815571330748433,-2.535243537480746
1.739683579356169,-1.731927448144736,1.7263898563226467,-1.7593953540408944
-1.0520686141759312,4.308323647598499,-1.0693000068112526,4.274944261873069
6.721618640545171,-1.6777750978160286,6.701562860467366,-1.7204413866867738
-1.8398176242912696,-1.4057176123209676,-1.8516168040830294,-1.428931788455943
-1.0484166835966109,-1.1517232907518704,-1.0311376696254628,-1.117005584357448
3.307037491822019,-0.551521556453423,3.31912789072382,-0.5285514021426858
-0.0755589764389253,-2.3088861830117957,-0.07117050282663037,-2.300473795534926
5.286123821078475,-0.6964693472545566,5.289186942350868,-0.6922469795399853
2.7757489387932224,1.3623596748586002,2.7954570091931634,1.401068051430136
-7.741586646813719,-3.153375874078543,-7.741313324405395,-3.1507460825300373
-1.5248558120731899,-4.970001349715675,-1.5312144699095571,-4.983043102613931
3.0088906525575454,-0.6686429812248643,3.009270554194745,-0.6690128642239651
1.020881197842693,-1.5755236179569956,1.0245214947580905,-1.5688541726537162
0.5136609662469984,1.9746694124760313,0.5337698144299896,2.015047165308451
0.9146507441915149,3.4611586224539375,0.9321471114732067,3.4964270629141843
3.552382270489282,-3.79050153783646,3.5357147883865436,-3.825677281509151
1.8700622903667983,-3.123709534815586,1.8668460472550366,-3.1313016810983374
-0.17197955792254443,-0.5576235529535404,-0.2045784711525349,-0.6228574784959906
-1.9749180097243904,-2.975009128679186,-1.9739797134590975,-2.972967836974515
-4.714525925777897,4.775543502324955,-4.7037063901571,4.7995824715844915
0.6689285013807027,1.1786334088185986,0.6499490980802841,1.1406477010369822
-4.9247006928416965,3.012622883576886,-4.914680642331327,3.0348360522409816
0.2878782846324278,0.7559355154593308,0.26325794055279667,0.7067252689342773
-1.8698876602816992,-1.8369424191579657,-1.8506991876288204,-1.7982439859960047
-0.1851515455716189,1.4619317638510487,-0.19876099644822542,1.43502242225688
3.6267538311001313,-1.210308617244775,3.6260735406789726,-1.2130991786959886
-1.0845268437777182,-1.4642952444660158,-1.1059602466633431,-1.507042979728845
-2.6126896978560685,4.472821952005311,-2.648545559256919,4.402748761918703
0.2791943725277955,-0.09575266634283833,0.2713018807856609,-0.11164816847530258
1.820481397336531,-1.7161640380679706,1.8303805868484586,-1.6972707575525536
-0.934473363935157,-0.7863950690970087,-0.9273935510607938,-0.7720525438347456
-1.2843675822775955,3.3302107591321297,-1.3023798746970423,3.2951828143436925
0.14326063205804374,0.06347282581516088,0.1421752966276001,0.06126447042390522
-2.482143431130458,-1.3367380658317214,-2.4497375708926574,-1.2713134629085983
1.4492059084851128,-6.570339136479254,1.4688942035415264,-6.532562312926435
-0.8769015950459027,0.2089270213312866,-0.8900831253011399,0.18289556846093158
2.0034405934494828,0.020757208224211714,2.0017321411297684,0.01666683906169227
1.5422696299311065,-1.8540714999259025,1.5001316535695168,-1.9391818419349807
3.058637939974417,-1.167906426322605,3.0653228360909437,-1.1557674818639239
-2.110612367648698,1.5481729788200953,-2.1191116270909105,1.532149212527623
3.773623012789131,-2.659200790086236,3.771006843938653,-2.6661575297059317
3.382406408582252,-1.6865217979558202,3.374798814541503,-1.7031648578412315
-1.8437004103239734,1.0607480306317512,-1.821535120422348,1.1058808207573096
-0.9139976102342375,5.227350080327063,-0.9184763718673327,5.219584573361334
-0.7769870489692797,-0.6874955354035697,-0.754555431231103,-0.6424859064444729
2.9992616780490344,1.1026305548207382,2.986919535168862,1.077119097068716
-1.2200255883788358,-8.404309053624822,-1.247640243777125,-8.460546039071792
-1.3844296728666303,-3.3643415520156688,-1.3816897276067825,-3.3589622695408328
-3.193241382396756,-3.5972283316039912,-3.180214160915461,-3.570702637893387
0.7518583033525094,-1.9532687161990803,0.7649040130229305,-1.9277613622270713
2.16926605911515,2.0458607616021887,2.157816906897348,2.02257510523522
-4.715105836695565,4.262045078979426,-4.719149307435904,4.256271474769013
3.784110817358032,2.2025355120301677,3.7535504785804976,2.140508289855563
2.2949807678641068,0.35718576557590737,2.3167626494747626,0.4000343919046775
3.6344221316829555,0.7344339023848573,3.6363808162697193,0.7372472683761012
5.365504604962903,2.5092121053293366,5.365510855063722,2.5078355146006306
-1.4779145298587157,4.302493462469802,-1.4504865419333766,4.358575748074515
-0.6711850381380909,-1.957731822539859,-0.6465467421882856,-1.9085591973776586
-2.4864220341890886,-4.417883762070269,-2.520497669994941,-4.485941271902355
7.070025147148777,5.854619250581757,7.09741894909339,5.908007012444916
-1.4535889777358895,-1.9204611222026835,-1.429731293408662,-1.87257904554188
-1.3643441036040866,-2.1906184940883784,-1.3445296104578417,-2.1508985997196035
0.18766601684925904,0.11056871313505712,0.182046600793309,0.09928514867053351
-4.99846140773932,4.222787830969824,-5.034860166145059,4.1523927659386315
6.359841152711359,3.8182410102098,6.335019279652303,3.767093345761809
1.6859880461984362,9.06892502207276,1.6905362754430349,9.07898399277044
-0.4770741323012617,-0.4409094441648129,-0.49451346308869815,-0.4757013928980164
2.252772499241809,-1.9974508356879714,2.2885519518893753,-1.9269906260208596
3.821929196554522,-4.6225369015429685,3.8271529071132107,-4.614161915227255
1.540923787005381,1.9030128120347944,1.550449804474392,1.9218656802145762
5.327980870186238,-1.5682234377131548,5.344663122509226,-1.5369242363756501
4.573938198716188,4.568561739645894,4.541197257045594,4.502306170895375
1.9149907861671625,2.461794910333418,1.9143218838627232,2.460225947541112
3.855544288990591,0.9759426735033875,3.884555871644335,1.0328279209114894
-1.5238841058165993,-0.060254861873431945,-1.5080116443055855,-0.028005191817923755
2.8878761236706887,1.6796857545390624,2.911712162041948,1.726665791725892
0.1223992148030659,1.3845639091982849,0.13417930249104953,1.4083166504902285
3.0909793342574026,-4.762483501889596,3.0827847150665697,-4.780721828148663
1.418552068158539,-3.8746629807326567,1.3978106093890195,-3.917279866272882
-1.913598621760553,0.3085179756147898,-1.9245072961935556,0.2873993650450829
0.12912318978339626,-0.3067646013118446,0.12797356419109154,-0.30915931235992394
-5.800217359154404,-0.043515939579599455,-5.778750284181005,0.0013707775315289562
6.024685887780962,1.8603357135251783,6.036541151503595,1.8823247806373011
-1.0364590894082077,-2.7104151348355328,-1.0111378985220463,-2.6598804595936025
-0.5530876473065047,0.6112067007135913,-0.5517422927918646,0.6141875652555034
4.711663848342512,-1.485424987308913,4.726350837147658,-1.4578940677578152
2.064213733217984,1.3415976334435553,2.0311919912171637,1.2750833083355038
10.905613024435374,-2.6046698751338915,10.888602607568227,-2.6428158288574917
3.647226912522158,-5.31616589486125,3.6586699124728423,-5.295410487244762
-0.6095122559366385,-1.6052970729516816,-0.617621395658625,-1.621580614005058
-0.29705207455445615,0.3030158126214219,-0.2997609581918842,0.2977496157619402
2.5349009647678,2.3972277088945,2.5095676804677076,2.3461096029280535
2.7480362021821243,-3.086038880337189,2.728953222123399,-3.125654807268111
-3.1929752478192137,-0.7057913743732991,-3.184619623927681,-0.6881204510572737
-1.9966015481891057,-1.2699378444397946,-2.003471291650945,-1.283217229634586
-4.782634730281356,1.5238273442249388,-4.781507478701662,1.5279553749843449
0.9222644186336999,1.664177086684174,0.928615537489542,1.6768488535659631
-1.382815296239026,0.9815162876841419,-1.3573920062753275,1.0329959564216464
4.148081410466922,1.7370328161135584,4.117104990006167,1.673971795570888
-3.466091289577795,2.4978628580714397,-3.472897251442812,2.485844161518252
3.787431678679798,0.15997535582471187,3.804214944381152,0.19228912538698567
-0.3676606604796105,7.29459991301314,-0.3940740048267356,7.243129897393592
-0.893481004647839,1.3179186316989648,-0.8774014023085535,1.3506024128762415
-2.2173526059305675,2.160101994142175,-2.2085512610086537,2.1788188913497546
0.7927604105860027,-0.38566060462895374,0.7848228193126823,-0.40186882266720325
-2.9205982816474956,0.8456869409365162,-2.888192440232644,0.9116283876256054
-2.6269193134060673,-2.2015712052172773,-2.6341195508122093,-2.215455992651439
4.0675963449556765,-2.8625914434898188,4.069144913840364,-2.861352405841283
2.206136214383636,2.0708046740297257,2.2016056706209346,2.0613479903128322
0.990852098739753,0.9490834242524593,0.9713171238669693,0.9098390109276617
2.70072840466088,-0.6456079954681714,2.718149005538778,-0.6117884587776485
-0.05414305338076531,-0.03173773377667174,-0.03861808495484889,-0.000674863906753808
-0.32048510898791666,0.311964273739445,-0.32686323933646266,0.29936901344686445
-1.644991699403472,2.2626376803838593,-1.6477236981247263,2.2581118106380815
0.829273570725136,-6.437342901792261,0.8423223751025649,-6.412613111689341
-0.1432522983771571,-2.5015352755096822,-0.15947423547875977,-2.534353384078823
5.433944801578642,-5.400165438864831,5.453047636215927,-5.364708293717735
1.5075126606757345,4.054469733343181,1.4873637721931845,4.014347572826276
1.108513794158726,-1.526779381428025,1.1129383413437555,-1.5185628115827703
-0.3331923120848186,1.3436880514985865,-0.3376975499590784,1.3350171820049497
-7.571653987623284,3.374320519786654,-7.572711389708179,3.375334310188907
1.8171041980428522,-0.7495171828005142,1.8496021438820485,-0.685261931321006
0.206121884856339,-2.702954611474184,0.19553360374683565,-2.724657493397079
1.3900538999425471,-3.1504613943756934,1.4016586392700356,-3.12825389859316
-2.3462524800570814,-3.815198769900522,-2.30867020534144,-3.7398859976346865
1.3411903050990026,2.2485362124214157,1.3444995357217058,2.2550813746896683
1.78279008793574,-0.3431476811944534,1.7592562464871984,-0.39087575236752403
2.9683170101576826,-0.7985255640676199,2.971972651897858,-0.7923522007979056
-4.78487231518113,0.14862497164993296,-4.795061515279432,0.12988851163989917
4.5544810239995,-3.449940110577251,4.556065705200284,-3.448892602663406
5.538330218636312,-2.2268152724023373,5.495970627441187,-2.313782106639894
-1.125806045025427,4.4664282829114965,-1.1501090184923202,4.418957363859453
4.071236400051054,0.5819726399799323,4.052789712785817,0.5438019021105589
-0.31582790438739244,-0.2473536864919798,-0.27478062855190033,-0.16519420612161478
0.9653838921097412,-0.25505961608266936,0.9356421824609849,-0.3149123357871886
-6.179779541138533,-3.834760285548746,-6.180537606897734,-3.834836133326152
2.023818162577827,-0.19982623921729045,2.038625175543255,-0.17092983154556624
-1.1430490392152608,-6.90871855172676,-1.1553210428893657,-6.934043561098271
4.461401724709624,2.4423621765508843,4.455160686741998,2.4287852156309695
2.6742724973367,1.5077779542881329,2.6637670513137,1.486118156097469
0.6624177171340201,1.1625725783144711,0.652304138017906,1.1423180054113786
-0.7646341222406251,4.672746869029058,-0.7764047894272825,4.650253378920739
-0.36949262029658636,0.6886715877323767,-0.3432010787443932,0.741495876637227
-4.013475892460306,-1.4947824217108139,-4.029500588384131,-1.5257281889977428
0.2584077892462537,-3.768838342396573,0.27981818471491116,-3.7267416222331233
0.594273724766494,1.8194901351053876,0.571901588347606,1.774852461439416
-4.174583983477454,-3.0886795365732715,-4.165297894237506,-3.0692185868582254
2.86233155539507,3.7678585063151764,2.8594162535608083,3.761697296151024
3.032497278500362,-0.8156838861865594,3.075739896735658,-0.730361155661862
-0.6222197082135222,-0.04745990728518215,-0.639784312940888,-0.0823868843862321
2.149574352233085,0.36499244232930556,2.1600266976442417,0.38523244868996687
-4.078120566681326,-0.7761969611242358,-4.09639562840967,-0.8115002096830451
-0.3733726182096408,6.691303509062717,-0.37732400347425715,6.684657413433186
1.9720634005244537,0.17435045591029355,1.970171609841242,0.1699299624352606
-4.14428089551186,2.0398222547976124,-4.149399037169354,2.031330974967948
-0.3619735699794906,0.5335664449915773,-0.3731137689417635,0.5114985067876271
1.7548842359503616,5.1880794798481285,1.7328789550542547,5.14435247243822
-5.5932104755311975,-0.44346045475127216,-5.5929146662756,-0.44105378914020466
-2.9209440676730054,3.9332979210104435,-2.9133299786963462,3.950177638416821
-0.9051936315235202,1.903720500326986,-0.8740671041632666,1.9666010618252423
2.048246218924087,0.5169146226463492,2.0285381603828783,0.47689372792051676
5.454859185057477,0.7528285697228444,5.46731549900454,0.7760251684663235
4.204460773085259,0.4675766448747899,4.208887325354294,0.47508804150681816
-5.483227200731481,-6.9084880894685545,-5.490882395010033,-6.9231128755803635
-1.7639815355011312,5.98904895708232,-1.7617673920478936,5.995085164364838
-1.1134592812590198,-0.0073342836136156345,-1.0923880600961855,0.03518316241887444
0.345861296435593,1.030882411353814,0.3527648590355167,1.0447468383602856
2.3264012238602954,-1.2828974743379447,2.3036853127754653,-1.3293321462279357
5.095874973776926,-0.5410040276690641,5.08827576107563,-0.5580157757570601
-3.558844778228453,-2.2529653956010596,-3.5358046326710717,-2.20606319850583
0.8077039113267833,3.2372223725477562,0.8081598203974629,3.238408199869018
1.461602645469132,-1.9655814821289272,1.4541296190547142,-1.9813535063701497
-1.4318278431116624,-0.48417549112440733,-1.4254149120746724,-0.47094761057248474
-2.2824254591765865,-0.9863850078434137,-2.313862816732704,-1.0486551331710077
-2.04876595834237,1.6688321348499184,-2.0573204187667105,1.6526974540491404
-1.553891632126292,3.233638341100836,-1.6053206385920524,3.1318517254715603
-4.1876202121806685,1.3259313622405078,-4.201893823546375,1.2990231740864524
3.7795034027833747,-0.8795652064216594,3.8048624737354335,-0.8302727800512333
-6.8052437779197,5.738616257142077,-6.773747561582333,5.804877763995475
-1.9952049567363512,1.2693691520817898,-1.9835462973339193,1.2935751222730372
1.7828065865814178,-1.2377963053642305,1.7675524641409355,-1.2691160969735387
-1.6121636616820556,-1.970486096150935,-1.6184612703532013,-1.9828694742256485
1.0057956082159745,0.703771637918278,1.0554536364270812,0.8028667353102544
-5.175553653197293,-3.6385340645188506,-5.168486002945784,-3.623264659818062
0.1557731123113429,-2.6505976954163484,0.1671986815836857,-2.628247017683496
3.7668572705531673,1.6620770108826237,3.7395019964604788,1.6063744364606802
