0,1
0.5481486351642393,1.0962972703284786
-0.23502041783407102,-0.47004083566814203
0.5904044755845622,1.1808089511691244
0.2545784450268957,0.5091568900537914
-1.3129421031336457,-2.6258842062672914
-0.48457975479279664,-0.9691595095855933
-0.7335753205510034,-1.4671506411020068
2.757494879868365,5.51498975973673
0.6508594239386465,1.301718847877293
-0.3874860263594815,-0.774972052718963
-1.6781390031545498,-3.3562780063090996
-1.0038048791927474,-2.007609758385495
-1.0316282846307359,-2.0632565692614717
-1.407440261405078,-2.814880522810156
-1.0843776470050022,-2.1687552940100043
-1.6451470145026346,-3.290294029005269
0.6942316124676066,1.3884632249352131
1.6903784915257172,3.3807569830514344
-1.4994533095398508,-2.9989066190797016
0.4213525970538267,0.8427051941076534
-0.5732609778093771,-1.1465219556187543
-0.13364563296042348,-0.26729126592084695
-0.15751840441160972,-0.31503680882321944
-1.0264262954582808,-2.0528525909165616
0.15398891087728997,0.30797782175457994
-1.0845728040619398,-2.1691456081238796
1.0698315308084625,2.139663061616925
-0.22739746051579943,-0.45479492103159885
0.3810157251423716,0.7620314502847432
-0.5841589004602138,-1.1683178009204276
0.2869843366771669,0.5739686733543338
0.08480118573877182,0.16960237147754365
-1.35294624112816,-2.70589248225632
0.8621404132734924,1.724280826546985
0.7387722663313107,1.4775445326626213
1.4684922030141923,2.9369844060283845
1.1589280283997516,2.3178560567995032
0.7320642206601079,1.4641284413202158
0.336414217600103,0.672828435200206
-0.29538209049888603,-0.5907641809977721
-0.879649538355815,-1.75929907671163
-0.40844129798817574,-0.8168825959763515
0.3976348399686574,0.7952696799373148
-0.5607546514465508,-1.1215093028931016
-1.1574054225197645,-2.314810845039529
0.16426597580717053,0.32853195161434107
0.031312125597071826,0.06262425119414365
-1.720866020737562,-3.441732041475124
0.32109829528311756,0.6421965905662351
-0.45899656145506373,-0.9179931229101275
0.3206402901844263,0.6412805803688526
-0.7715360591236538,-1.5430721182473075
1.1837448559643913,2.3674897119287825
-0.31720342683414676,-0.6344068536682935
0.76002341223655,1.5200468244731
-0.9353956219068417,-1.8707912438136833
0.15785720861241345,0.3157144172248269
1.6580052625419395,3.316010525083879
0.1050413628316989,0.2100827256633978
0.4642238971694905,0.928447794338981
-1.054235661799993,-2.108471323599986
-0.6517837583541376,-1.3035675167082752
0.1525935213282433,0.3051870426564866
-2.283414381154577,-4.566828762309154
-1.3438928248826183,-2.6877856497652366
0.6714230096308378,1.3428460192616756
-0.12274383297758794,-0.24548766595517588
-0.8787783083875322,-1.7575566167750645
1.3984746755239035,2.796949351047807
1.4677125824154635,2.935425164830927
-0.9011521834693781,-1.8023043669387562
-0.619167643067218,-1.238335286134436
-0.37582803146694954,-0.7516560629338991
-0.5323428780105045,-1.064685756021009
-3.0172746201087812,-6.0345492402175624
-0.6582626664507938,-1.3165253329015876
0.3943363170262556,0.7886726340525112
1.463086260243957,2.926172520487914
-0.8359475827415436,-1.6718951654830871
0.3057136620493456,0.6114273240986912
-0.3279398753594948,-0.6558797507189896
0.665596036262506,1.331192072525012
-1.9316498041130932,-3.8632996082261863
-1.0230534257483264,-2.0461068514966527
0.5267976530473673,1.0535953060947345
-0.8050014139878404,-1.6100028279756808
-0.01849438697935413,-0.03698877395870826
-0.5843828205735608,-1.1687656411471217
-0.1089261895898261,-0.2178523791796522
0.3407527921763616,0.6815055843527232
-0.7658153558988314,-1.5316307117976629
0.886344161039378,1.772688322078756
0.09173989800537857,0.18347979601075715
-0.5942219322662209,-1.1884438645324418
0.9901203069260428,1.9802406138520856
0.7454896320161153,1.4909792640322306
-1.1375704930497907,-2.2751409860995815
-0.056569744568770154,-0.11313948913754031
2.1977413407033244,4.395482681406649
0.49777524787092703,0.9955504957418541
1.6938883715947963,3.3877767431895927
2.1661666907396473,4.332333381479295
0.2813554186139709,0.5627108372279418
0.04421374663498255,0.0884274932699651
0.4211502347815503,0.8423004695631006
0.028652247911869894,0.05730449582373979
-2.29807956897038,-4.59615913794076
-0.992967555911368,-1.985935111822736
1.364692019572527,2.729384039145054
-0.6192010644279787,-1.2384021288559575
-0.8537514653965708,-1.7075029307931415
0.058891151575529606,0.11778230315105921
-0.7966874419195068,-1.5933748838390136
-0.8965587394856686,-1.793117478971337
0.7912639734017245,1.582527946803449
1.2514254829717175,2.502850965943435
1.594742959089773,3.189485918179546
-0.16266042512204573,-0.32532085024409146
-2.2476428130158523,-4.495285626031705
-0.5721374820413463,-1.1442749640826926
0.8365719840313388,1.6731439680626776
-1.014615408103997,-2.029230816207994
0.127834318055782,0.255668636111564
1.0701504985529153,2.1403009971058307
-1.1517581274238369,-2.3035162548476737
-0.13899828844006995,-0.2779965768801399
-2.257445270150717,-4.514890540301434
-0.4956382836017396,-0.9912765672034792
1.3895070279881374,2.779014055976275
0.9353007990490192,1.8706015980980384
-0.9893069940474388,-1.9786139880948777
0.2884311492426167,0.5768622984852334
0.1890387500228668,0.3780775000457336
2.2960921925545636,4.592184385109127
-2.9848170580715983,-5.9696341161431965
-1.0070957104370684,-2.0141914208741367
-1.1700541782644347,-2.3401083565288694
0.8756525352932423,1.7513050705864845
1.2366034049480346,2.473206809896069
-1.009785295183462,-2.019570590366924
0.5790096307950415,1.158019261590083
-1.015903164526137,-2.031806329052274
-0.5851390517897518,-1.1702781035795036
-0.6952804995515975,-1.390560999103195
1.5168572137052891,3.0337144274105783
0.1899532898815199,0.3799065797630398
0.14262149106759942,0.28524298213519883
0.17809549900666902,0.35619099801333803
-1.8425999276985752,-3.6851998553971503
1.3440857153835493,2.6881714307670985
-2.2614952486520075,-4.522990497304015
-0.07611410898283104,-0.15222821796566208
1.7712454469150094,3.542490893830019
-1.5352564124776678,-3.0705128249553355
-1.5402768175472934,-3.080553635094587
-1.2564087280415408,-2.5128174560830816
-0.0343662314390054,-0.0687324628780108
-2.6548881810610574,-5.309776362122115
0.03523656431338976,0.07047312862677951
-0.7706214976756415,-1.541242995351283
2.4819961011668576,4.963992202333715
0.24522820728598776,0.49045641457197553
0.826316068824154,1.652632137648308
0.08562041346279123,0.17124082692558246
0.07338397386916491,0.14676794773832982
0.20240391181297152,0.40480782362594303
0.10980654218707456,0.21961308437414911
0.6131023832541322,1.2262047665082645
-0.20881723711430838,-0.41763447422861677
-0.26951427595338423,-0.5390285519067685
-0.7255884003824971,-1.4511768007649941
-0.3270480648461687,-0.6540961296923374
-1.1117610231523727,-2.2235220463047454
-0.9564017515292601,-1.9128035030585202
0.16446651322847822,0.32893302645695643
-0.02850262608204053,-0.05700525216408106
-1.0277149439706956,-2.0554298879413913
1.1541149724725799,2.3082299449451598
-0.17289902713986133,-0.34579805427972266
0.32702910237923816,0.6540582047584763
0.2676830437326747,0.5353660874653494
-0.1571372601078823,-0.3142745202157646
-0.10894849243455587,-0.21789698486911174
-0.6795877065671613,-1.3591754131343226
0.7757978273610112,1.5515956547220224
0.13881413175185447,0.27762826350370895
-0.35434607180347844,-0.7086921436069569
0.5789230363680561,1.1578460727361122
-2.1185996587046234,-4.237199317409247
-0.014241638347517942,-0.028483276695035885
0.12182560346073155,0.2436512069214631
-1.6048256782443804,-3.2096513564887608
-0.6558995721784976,-1.3117991443569952
0.05290964115196308,0.10581928230392616
0.5583560489685537,1.1167120979371075
-0.552749358123679,-1.105498716247358
-0.8519734540965705,-1.703946908193141
-0.9266239444631272,-1.8532478889262545
-0.27585466731640124,-0.5517093346328025
0.26083605072921323,0.5216721014584265
0.07254439462723616,0.14508878925447233
0.9938135426617432,1.9876270853234863
-1.4966927735232487,-2.9933855470464974
0.5922586803920926,1.1845173607841852
-1.9184102363127842,-3.8368204726255684
-0.4381874798497819,-0.8763749596995638
-0.2924806733801039,-0.5849613467602078
1.2073979727300468,2.4147959454600936
-0.6940776618869361,-1.3881553237738722
0.07864086857476116,0.15728173714952232
-0.12184176320714574,-0.24368352641429147
-1.0120775454588047,-2.0241550909176094
-0.6164909015167198,-1.2329818030334396
-1.4818069642159934,-2.963613928431987
0.47188965250748166,0.9437793050149633
0.8208426497070638,1.6416852994141276
-0.8987316965720873,-1.7974633931441746
-0.08405878267178138,-0.16811756534356276
0.05496871917317142,0.10993743834634284
0.94625708053325,1.8925141610665
0.9517569801851288,1.9035139603702576
0.40453747351640884,0.8090749470328177
0.5987976606205971,1.1975953212411943
2.1143734180470943,4.228746836094189
-0.23476950709320826,-0.4695390141864165
0.5916576389494129,1.1833152778988258
-0.01812956542367235,-0.0362591308473447
0.580456341537678,1.160912683075356
0.06624074908979957,0.13248149817959914
-0.3558827280735333,-0.7117654561470667
-2.068154948784742,-4.136309897569484
0.5419462900842271,1.0838925801684542
-1.1491034181390967,-2.2982068362781933
0.37048557932841064,0.7409711586568213
0.519625287469966,1.039250574939932
1.0634123344474773,2.1268246688949546
-0.12863459843189462,-0.25726919686378924
-0.5617366609095975,-1.123473321819195
0.7950302949247129,1.5900605898494258
0.7504276622580098,1.5008553245160197
-0.4454075353686456,-0.8908150707372912
-0.9657404963850962,-1.9314809927701924
-0.08512123193724078,-0.17024246387448155
1.3053197646446784,2.6106395292893567
-1.0617973576675168,-2.1235947153350336
0.774593875418447,1.549187750836894
0.5897282374938272,1.1794564749876544
-1.2348613111982654,-2.4697226223965307
0.23963495754069936,0.4792699150813987
-2.125140429293417,-4.250280858586834
-1.8667561987293673,-3.7335123974587345
-1.0717162905022337,-2.1434325810044674
-0.12672993130845217,-0.25345986261690434
0.9074724018682239,1.8149448037364477
0.882335880365531,1.764671760731062
-0.15754407772021975,-0.3150881554404395
-0.5435291726165041,-1.0870583452330083
-1.6595953767215532,-3.3191907534431064
0.0751458445282162,0.1502916890564324
0.7001412044711421,1.4002824089422843
0.7886028180262831,1.5772056360525661
-0.3488363466818893,-0.6976726933637786
0.3044166815925906,0.6088333631851812
-0.39335262014834727,-0.7867052402966945
-0.9493599643089206,-1.8987199286178411
1.4988707199819087,2.9977414399638174
0.41590255091086836,0.8318051018217367
0.6695690259150894,1.3391380518301788
0.40015413246400283,0.8003082649280057
1.771902756143492,3.543805512286984
-0.301217961931202,-0.602435923862404
0.17646740129922242,0.35293480259844484
0.13829197587631503,0.27658395175263006
-0.5034594329990737,-1.0069188659981474
1.5210155540979884,3.0420311081959768
0.4688647363544935,0.937729472708987
0.25515384510771466,0.5103076902154293
-0.33188294118290096,-0.6637658823658019
1.75910171665329,3.51820343330658
0.5483899254032248,1.0967798508064497
-0.8083997426714351,-1.6167994853428702
-1.2611764181625837,-2.5223528363251675
-1.3381949759035479,-2.6763899518070957
-0.15138139877039303,-0.30276279754078605
-0.3829763342945125,-0.765952668589025
1.025867299000194,2.051734598000388
0.12297993361769041,0.24595986723538082
-1.2522231519456346,-2.504446303891269
-0.1312002080467376,-0.2624004160934752
0.9102478734774984,1.8204957469549967
0.1414007511229589,0.2828015022459178
-0.5467239205731342,-1.0934478411462685
0.3003526748785888,0.6007053497571776
-1.1259096534194137,-2.2518193068388275
0.19216954636413275,0.3843390927282655
0.0586488753833966,0.1172977507667932
-1.1749771043077513,-2.3499542086155025
-0.24733039153750194,-0.4946607830750039
-0.846876879613335,-1.69375375922667
-0.6919772143298052,-1.3839544286596104
0.6778258758643333,1.3556517517286666
2.815536358649651,5.631072717299302
0.3935844875989029,0.7871689751978058
-0.7703966849545615,-1.540793369909123
0.03760906008436806,0.07521812016873612
0.43281973804162727,0.8656394760832545
-0.6993099573638397,-1.3986199147276794
-0.37629412120787636,-0.7525882424157527
0.48478242418271805,0.9695648483654361
-0.16695237920879732,-0.33390475841759465
0.0807680430098904,0.1615360860197808
0.0970956867358433,0.1941913734716866
0.5724623432017412,1.1449246864034823
-0.5443985924087841,-1.0887971848175682
0.6369638323466891,1.2739276646933781
-1.700985824683254,-3.401971649366508
0.5607327031955194,1.1214654063910388
-1.6760592874130695,-3.352118574826139
-0.003090089105558752,-0.006180178211117504
1.8185709744886354,3.6371419489772707
0.3411849030554908,0.6823698061109816
-0.680095247386717,-1.360190494773434
0.3923258514865912,0.7846517029731824
-0.5516397221103739,-1.1032794442207479
0.338203736483167,0.676407472966334
1.301575972485207,2.603151944970414
1.437317574560983,2.874635149121966
-0.8089483611723871,-1.6178967223447742
-0.3713565989712802,-0.7427131979425604
-0.3179677425511784,-0.6359354851023568
0.41482491151846407,0.8296498230369281
-0.47838454844649575,-0.9567690968929915
-0.4567903985469953,-0.9135807970939906
0.9782658098149839,1.9565316196299678
2.4084590372906574,4.816918074581315
-1.4783435965145284,-2.956687193029057
0.21283268283521808,0.42566536567043617
0.6056989326162321,1.2113978652324642
-0.8806823724066056,-1.7613647448132113
2.33668627436657,4.67337254873314
-1.386512686352294,-2.773025372704588
-0.36977212341058135,-0.7395442468211627
-1.600930873278321,-3.201861746556642
-0.04137187994191481,-0.08274375988382962
0.33496667974872874,0.6699333594974575
0.9445162852638568,1.8890325705277136
-0.3728524524357211,-0.7457049048714423
0.3159280268069384,0.6318560536138768
-0.8270435828201408,-1.6540871656402816
0.3790956915039665,0.758191383007933
2.056532783411133,4.113065566822266
1.3738463182774403,2.7476926365548806
-0.5211605496868165,-1.042321099373633
-0.5201282515680151,-1.0402565031360302
-0.5239222573238197,-1.0478445146476394
2.781586053940034,5.563172107880068
-1.081116310537776,-2.162232621075552
0.4588430798219212,0.9176861596438424
-0.3680559010990876,-0.7361118021981752
-2.008846814671598,-4.017693629343196
-1.2754311201786617,-2.5508622403573233
1.2746924413812424,2.5493848827624848
0.9381845796549536,1.8763691593099072
0.8439888327674183,1.6879776655348366
0.584683720303211,1.169367440606422
-0.6037515999079881,-1.2075031998159762
-1.2013543450603243,-2.4027086901206487
0.8744074717154077,1.7488149434308153
0.04226757419376069,0.08453514838752138
1.2725664964694705,2.545132992938941
-2.2655619379660124,-4.531123875932025
-1.1608718030836203,-2.3217436061672405
-1.3627689773213547,-2.7255379546427094
-0.03403568578417448,-0.06807137156834896
-1.2796398752442486,-2.559279750488497
1.723542193252164,3.447084386504328
-0.7939818384448242,-1.5879636768896483
-0.5158964774119185,-1.031792954823837
-0.022300189418719273,-0.044600378837438545
-1.2300554866719582,-2.4601109733439164
-1.0139407775147764,-2.027881555029553
-0.5105674343954799,-1.0211348687909598
-1.5135010667581639,-3.0270021335163277
-0.35847032087942027,-0.7169406417588405
0.9344252204802064,1.8688504409604128
1.0212905486424035,2.042581097284807
-0.5471995394221228,-1.0943990788442457
-0.08237850279010978,-0.16475700558021955
-1.5165172185998967,-3.0330344371997935
0.28711681369244757,0.5742336273848951
-0.03848059513890403,-0.07696119027780805
-0.2521168406182656,-0.5042336812365312
-0.25080702030178764,-0.5016140406035753
-0.14701789373921118,-0.29403578747842235
0.1251474497908144,0.2502948995816288
1.3674258448588408,2.7348516897176816
-0.362245294747272,-0.724490589494544
-0.5269226421019352,-1.0538452842038704
0.425991867765279,0.851983735530558
1.476922603890632,2.953845207781264
1.029592098078163,2.059184196156326
-0.9955687167518944,-1.9911374335037888
-0.661417097321541,-1.322834194643082
2.6842429578294036,5.368485915658807
1.3162848220654755,2.632569644130951
-1.3419383712049036,-2.683876742409807
0.2860200377171587,0.5720400754343175
0.7385536913020638,1.4771073826041277
1.6094567046414032,3.2189134092828064
-1.32845595277468,-2.65691190554936
0.574343144506225,1.14868628901245
0.28891283536230455,0.5778256707246091
0.6629322361826538,1.3258644723653077
0.7752946674404257,1.5505893348808515
0.34673917478706895,0.6934783495741379
-2.5578335941953942,-5.1156671883907885
-1.114966777997828,-2.229933555995656
-1.1044831845842504,-2.208966369168501
-0.1449410950223973,-0.2898821900447946
-0.5732151364366911,-1.1464302728733822
0.3732909493201443,0.7465818986402886
1.2933335077331687,2.5866670154663374
-0.8816730491187291,-1.7633460982374582
0.03667496791859847,0.07334993583719694
0.9473052545424427,1.8946105090848855
0.3038029618605406,0.6076059237210812
1.743702542365338,3.487405084730676
0.047903889324284236,0.09580777864856847
0.23946386851431195,0.4789277370286239
-0.13161441062176313,-0.26322882124352626
-0.4810174268217747,-0.9620348536435493
-1.8697715656668588,-3.7395431313337175
1.0321706212303472,2.0643412424606944
-0.18189226104270043,-0.36378452208540085
0.18988720718829644,0.3797744143765929
-0.300458714850358,-0.600917429700716
0.5145809934521368,1.0291619869042736
1.618820134650604,3.237640269301208
0.6128486628222574,1.2256973256445147
0.8263285323249062,1.6526570646498124
-0.016886763812281186,-0.03377352762456237
-0.5637179361032729,-1.1274358722065458
0.22744422953830973,0.45488845907661946
1.1056698623411332,2.2113397246822664
0.6096149908191714,1.2192299816383427
-1.800187957119649,-3.600375914239298
0.41021883889826927,0.8204376777965385
-0.29998137969396843,-0.5999627593879369
-0.6431692081096938,-1.2863384162193876
0.8131348217507751,1.6262696435015502
-0.7534472079166019,-1.5068944158332038
-1.1892996226624755,-2.378599245324951
-0.11431126097187969,-0.22862252194375937
2.7416731579312237,5.483346315862447
0.20358930604607298,0.40717861209214595
-0.2859666347669977,-0.5719332695339954
0.5411205195699591,1.0822410391399182
0.5702458887554783,1.1404917775109567
-1.4805666436619405,-2.961133287323881
-1.840066392831242,-3.680132785662484
-0.45068937704821366,-0.9013787540964273
-0.39885583253993634,-0.7977116650798727
-0.5726162643337095,-1.145232528667419
-0.9554858482266225,-1.910971696453245
-0.7441439500400321,-1.4882879000800642
-1.4486330427657113,-2.8972660855314225
-0.45365090197196944,-0.9073018039439389
-0.42676034521643796,-0.8535206904328759
-0.17910458724862147,-0.35820917449724293
-0.0339843717423161,-0.0679687434846322
1.3506984244916593,2.7013968489833187
0.6834375380510876,1.3668750761021753
-0.9030530005375306,-1.8061060010750611
-0.473822531392616,-0.947645062785232
1.1756986640352896,2.351397328070579
-0.5206603606965446,-1.0413207213930893
0.8195534330940183,1.6391068661880366
-0.1613050043480259,-0.3226100086960518
1.1895455157484995,2.379091031496999
1.390473989569283,2.780947979138566
-1.5008583539205569,-3.0017167078411138
-0.22933212480927162,-0.45866424961854324
-1.0039509526400983,-2.0079019052801965
-0.7223672119013521,-1.4447344238027042
-0.9538563623032453,-1.9077127246064907
0.8204098366434598,1.6408196732869196
-0.46551574403478013,-0.9310314880695603
0.9651406414099711,1.9302812828199423
-0.7744302152361547,-1.5488604304723095
-1.3865745196729027,-2.7731490393458054
-0.3414364140823884,-0.6828728281647768
0.004559882874692212,0.009119765749384424
-0.05264075284579322,-0.10528150569158644
0.5590756924273399,1.1181513848546798
0.2344499310491434,0.4688998620982868
-1.4001082817901205,-2.800216563580241
0.845493680760719,1.690987361521438
1.1747404058458417,2.3494808116916834
-0.07979388430124554,-0.15958776860249108
-0.4840643790078217,-0.9681287580156434
2.3445829343628515,4.689165868725703
-0.4731371274526837,-0.9462742549053674
0.5673280417083585,1.134656083416717
0.5507541957314289,1.1015083914628578
-0.7825487741095882,-1.5650975482191765
-1.711521136875635,-3.42304227375127
-0.11671912219435882,-0.23343824438871763
-1.6146209292824583,-3.2292418585649165
0.7763486287716874,1.5526972575433748
0.08636357708053784,0.17272715416107567
0.9796277757470646,1.9592555514941292
-0.44083356281188407,-0.8816671256237681
-0.7797572389295621,-1.5595144778591241
0.7957793207480895,1.591558641496179
2.252440306899519,4.504880613799038
0.9628638059982787,1.9257276119965574
-0.6188981853134005,-1.237796370626801
-0.18199754564068146,-0.3639950912813629
0.7101200677707792,1.4202401355415584
0.22180462533819584,0.4436092506763917
-2.0788966466368297,-4.157793293273659
0.35494636988583805,0.7098927397716761
1.4134762200972155,2.826952440194431
-0.9604595415110202,-1.9209190830220404
1.731751412290869,3.463502824581738
-0.8934167824749798,-1.7868335649499596
0.2645528974172531,0.5291057948345061
-1.155046295088883,-2.310092590177766
-0.8698289327056509,-1.7396578654113017
-0.016941373250956026,-0.03388274650191205
0.4350407729722137,0.8700815459444274
0.01571699496034893,0.03143398992069786
0.835676441482192,1.671352882964384
0.3640157341655858,0.7280314683311716
-0.1287603118300663,-0.2575206236601326
-0.7774880578508327,-1.5549761157016655
0.44942763123647994,0.8988552624729599
-0.6151829776455173,-1.2303659552910347
-0.9576735283059781,-1.9153470566119561
0.4172951069952313,0.8345902139904626
0.0666244235730884,0.1332488471461768
-0.185273028934655,-0.37054605786931
0.638956896540638,1.277913793081276
-0.9907202361241491,-1.9814404722482981
0.5997666852307046,1.1995333704614093
-0.8489354841558183,-1.6978709683116366
1.5586846053358259,3.1173692106716517
0.18625273776794304,0.3725054755358861
-1.6033024661111985,-3.206604932222397
2.194646019391399,4.389292038782798
-1.2114931539180394,-2.4229863078360787
-0.606347576511063,-1.212695153022126
-0.7902364232626558,-1.5804728465253115
-0.02726572454481865,-0.0545314490896373
1.4833078796831896,2.966615759366379
1.1722553607380741,2.3445107214761483
0.10654654471113854,0.2130930894222771
0.760603348334754,1.521206696669508
-0.3805747867869963,-0.7611495735739926
1.7015405660439007,3.4030811320878014
1.7502110490854361,3.5004220981708722
0.28265011609469953,0.5653002321893991
-0.49461081432036347,-0.9892216286407269
0.8367949315299469,1.6735898630598938
1.4234606139960588,2.8469212279921177
1.086114194349073,2.172228388698146
2.256442440000571,4.512884880001142
-0.846244906725063,-1.692489813450126
-0.5875414864740194,-1.1750829729480388
-1.51753076975974,-3.03506153951948
0.471675483425669,0.943350966851338
0.5098179165345861,1.0196358330691722
0.5263674757994553,1.0527349515989106
-1.2620801945223377,-2.5241603890446753
0.5899238570711579,1.1798477141423158
0.16743759492060145,0.3348751898412029
1.9457386378544959,3.8914772757089917
-1.4686712981598953,-2.9373425963197906
-2.155048566711926,-4.310097133423852
-1.1801177743556466,-2.360235548711293
-1.1288949673010724,-2.257789934602145
0.4804934251826558,0.9609868503653116
-1.0874581950573743,-2.1749163901147486
1.334795885581679,2.669591771163358
1.02596524574994,2.05193049149988
0.8241458863568947,1.6482917727137893
-1.3813268647809445,-2.762653729561889
-1.4444554056504684,-2.8889108113009367
-0.47113474838979175,-0.9422694967795835
1.7735171613958858,3.5470343227917716
0.8670869790499788,1.7341739580999576
1.3525268021942412,2.7050536043884823
-0.19886975883763494,-0.3977395176752699
0.2266058048170155,0.453211609634031
1.7439681792198864,3.487936358439773
-0.18972041060320838,-0.37944082120641676
-1.5244128656145481,-3.0488257312290963
-0.4417022768094956,-0.8834045536189912
-1.5173292405398158,-3.0346584810796315
-0.3970524840913529,-0.7941049681827058
1.2439527563501784,2.487905512700357
0.2098867388244967,0.4197734776489934
0.693196266605584,1.386392533211168
-0.49351315223335707,-0.9870263044667141
-1.2834029158191202,-2.5668058316382405
0.7628066211098875,1.525613242219775
-0.3239020633785173,-0.6478041267570346
-1.2894790329452779,-2.5789580658905558
1.1214671836776253,2.2429343673552506
-0.45182716497157693,-0.9036543299431539
-0.18978012603770894,-0.3795602520754179
-0.6270283112981765,-1.254056622596353
0.38461622359345204,0.7692324471869041
-0.488496138460582,-0.976992276921164
0.13988524456021567,0.27977048912043134
-0.90709746571892,-1.81419493143784
1.0324096001547116,2.0648192003094232
0.12212151938384444,0.24424303876768888
1.8641730724113463,3.7283461448226927
0.41140943540069613,0.8228188708013923
0.07955651591430574,0.15911303182861147
0.3432334850642534,0.6864669701285068
0.37566813042139136,0.7513362608427827
-1.4263792422994102,-2.8527584845988203
1.4531799854583078,2.9063599709166157
-0.16217298670423053,-0.32434597340846105
-1.741727429477294,-3.483454858954588
0.9713579790192993,1.9427159580385986
0.23695575661443746,0.4739115132288749
0.3628950232288813,0.7257900464577626
0.7487541472349891,1.4975082944699782
0.19072526547590912,0.38145053095181825
-0.7752698722791794,-1.5505397445583589
0.35181558490605264,0.7036311698121053
1.0266211371173757,2.0532422742347514
-0.63988787713754,-1.27977575427508
-0.6031249035426137,-1.2062498070852274
-0.3300779685496829,-0.6601559370993658
-0.9552632809202651,-1.9105265618405303
-0.9046057148585994,-1.8092114297171988
0.08391994183060329,0.16783988366120658
-1.9238108658327768,-3.8476217316655537
0.23128493857313798,0.46256987714627595
1.1672829161131304,2.334565832226261
1.0214432617631855,2.042886523526371
-1.7114393067114444,-3.422878613422889
-1.1261009974805265,-2.252201994961053
0.5143633113930608,1.0287266227861216
-1.3419349361996158,-2.6838698723992316
-1.1171659845911897,-2.2343319691823793
-0.6834867599693992,-1.3669735199387985
-0.8926342827585545,-1.785268565517109
-1.2378223674988376,-2.475644734997675
-0.19938915071600247,-0.39877830143200493
-0.36989653973357706,-0.7397930794671541
2.774769734504509,5.549539469009018
-0.13145696261179504,-0.2629139252235901
-0.2525792648499597,-0.5051585296999194
-0.33026943041056417,-0.6605388608211283
-0.8175278816367634,-1.6350557632735268
-0.5106049296789974,-1.0212098593579948
-0.01088941959351522,-0.02177883918703044
0.6369956884948602,1.2739913769897204
-0.7708838866695448,-1.5417677733390895
0.1693956872159727,0.3387913744319454
-0.10823815402067356,-0.21647630804134713
1.3966298152638708,2.7932596305277415
0.15871419862628924,0.3174283972525785
0.3458727098167914,0.6917454196335828
-1.571820281171252,-3.143640562342504
0.5658985127126862,1.1317970254253724
0.3378741916879401,0.6757483833758802
-0.9291430660555109,-1.8582861321110218
2.2820781102210552,4.5641562204421104
1.228652197585764,2.457304395171528
0.7003812021939909,1.4007624043879818
0.4278959374287954,0.8557918748575908
1.9042492207229638,3.8084984414459275
-1.1222278868382043,-2.2444557736764086
-0.23059753304016722,-0.46119506608033445
0.2411876997323579,0.4823753994647158
0.059024281438569644,0.11804856287713929
-0.4332723410491762,-0.8665446820983524
0.1064824854389451,0.2129649708778902
0.0011884155667412147,0.0023768311334824294
0.1714896339476755,0.342979267895351
-1.5239834355848236,-3.0479668711696473
-0.041609253684972626,-0.08321850736994525
-0.5070041381476189,-1.0140082762952378
-0.006581733522577087,-0.013163467045154174
-0.5393245579932817,-1.0786491159865634
0.7241099780259007,1.4482199560518014
0.6857639265936007,1.3715278531872015
0.21396329366392228,0.42792658732784455
-1.1205568686294392,-2.2411137372588783
1.752356702540953,3.504713405081906
1.4298985641334283,2.8597971282668566
-2.9004865321241446,-5.800973064248289
0.08745588677993578,0.17491177355987156
-1.3876878484575461,-2.7753756969150922
-0.05165886218769004,-0.10331772437538007
-0.011550717771624038,-0.023101435543248075
1.5939900265132694,3.1879800530265388
0.605341962661198,1.210683925322396
-2.6209283369042073,-5.241856673808415
0.4222568643093268,0.8445137286186536
-0.18774976218136538,-0.37549952436273076
-1.1458332088428056,-2.291666417685611
-1.3556397710345056,-2.7112795420690112
0.16573796506602967,0.33147593013205934
0.020013729049789847,0.040027458099579694
1.0417234103027864,2.0834468206055727
-0.9777818803409012,-1.9555637606818024
2.6754484323186896,5.350896864637379
0.5844713810824512,1.1689427621649024
-1.3243156534863658,-2.6486313069727316
0.066306696506528,0.132613393013056
-1.6669170236303972,-3.3338340472607944
0.986894755481691,1.973789510963382
-0.21691119565607195,-0.4338223913121439
-1.2894497197742876,-2.578899439548575
1.5071722883055985,3.014344576611197
0.5926910709956856,1.1853821419913713
0.3441602680627443,0.6883205361254886
0.5103767076485574,1.0207534152971147
-0.5946476345358206,-1.1892952690716412
-1.856272503265478,-3.712545006530956
0.8880183506932563,1.7760367013865126
0.6216224797700901,1.2432449595401802
0.9668612141483636,1.9337224282967271
1.5490704967398283,3.0981409934796567
0.970395718100155,1.94079143620031
-0.24507524571802192,-0.49015049143604383
0.3509314889376869,0.7018629778753738
0.1802304669620308,0.3604609339240616
-1.4280168391912016,-2.856033678382403
0.23572980156755527,0.47145960313511054
-1.0944920890694165,-2.188984178138833
0.8483313930048302,1.6966627860096604
0.35517715104818015,0.7103543020963603
0.07825676131075127,0.15651352262150253
-1.8870293571443075,-3.774058714288615
1.2461178572647984,2.492235714529597
0.6007894269368907,1.2015788538737815
-0.3449127562807975,-0.689825512561595
-0.5403964313668277,-1.0807928627336554
1.7491932516650088,3.4983865033300177
0.4703430154778933,0.9406860309557866
1.8149792830115108,3.6299585660230216
-1.2498609303114172,-2.4997218606228344
-1.0684024534394423,-2.1368049068788846
-1.088223032865675,-2.17644606573135
0.4548428672630516,0.9096857345261032
1.0033950356218952,2.0067900712437905
-1.795909278839595,-3.59181855767919
-0.2262603699525783,-0.4525207399051566
-0.711422281583252,-1.422844563166504
0.5290784653210502,1.0581569306421004
-2.1102237860122406,-4.220447572024481
-1.032353526219969,-2.064707052439938
-0.17161159428629733,-0.34322318857259465
2.4292486023127835,4.858497204625567
0.03747803841858561,0.07495607683717122
1.2532507370685606,2.506501474137121
-0.09545628611996247,-0.19091257223992494
1.7844471930972883,3.5688943861945766
-0.26468623255636486,-0.5293724651127297
-1.0339850001475914,-2.067970000295183
0.48105367817157335,0.9621073563431467
0.43876705052093384,0.8775341010418677
1.4507491014544118,2.9014982029088237
1.3016154235901198,2.6032308471802397
-0.03214904988041161,-0.06429809976082322
-0.8855694266540419,-1.7711388533080838
0.7900321365196783,1.5800642730393566
-0.49408157164077177,-0.9881631432815435
-0.22517351295027818,-0.45034702590055636
-1.081806610091454,-2.163613220182908
1.0179282972900552,2.0358565945801104
-0.40931449848942675,-0.8186289969788535
0.3292235235605041,0.6584470471210082
-0.3073439906423133,-0.6146879812846266
-0.5144685186790456,-1.0289370373580913
-1.4415789155231185,-2.883157831046237
-1.6823086559877443,-3.3646173119754885
-1.24666167797225,-2.4933233559445
0.72641121280135,1.4528224256027
-1.2456835643263027,-2.4913671286526053
0.022314619579709434,0.04462923915941887
0.04924023018209819,0.09848046036419637
-0.7437198924346872,-1.4874397848693743
0.6556820659647591,1.3113641319295182
0.17168377506749083,0.34336755013498166
-1.2923868101130016,-2.584773620226003
-0.759036249141629,-1.518072498283258
-1.0681909903821787,-2.1363819807643574
0.7377858598225687,1.4755717196451374
0.1843642843361332,0.3687285686722664
0.9019658077511968,1.8039316155023937
-1.11685169016858,-2.23370338033716
-2.8390010607857823,-5.678002121571565
-0.06365514540999219,-0.12731029081998438
0.7311638815753968,1.4623277631507936
1.7857187924074338,3.5714375848148676
-0.38202231293917865,-0.7640446258783573
-0.9187355044111647,-1.8374710088223294
-2.475642527911042,-4.951285055822084
1.5069169211628441,3.0138338423256883
-0.7440240305984368,-1.4880480611968736
-0.20640508751405165,-0.4128101750281033
1.11255109574233,2.22510219148466
-0.7833454547631824,-1.5666909095263648
0.7612227084574923,1.5224454169149846
0.07250233196475342,0.14500466392950684
0.7391437974884019,1.4782875949768037
0.927687861002663,1.855375722005326
1.1527751461981768,2.3055502923963536
0.6249451796590294,1.2498903593180588
-0.9495833084901019,-1.8991666169802037
-0.6273022026889229,-1.2546044053778458
-0.2394195983522753,-0.4788391967045506
-0.11804516715482173,-0.23609033430964346
-1.0465728961302767,-2.0931457922605534
-0.08601885801985061,-0.17203771603970122
0.33188518244889875,0.6637703648977975
0.006987839876398886,0.013975679752797772
-0.1886430634876109,-0.3772861269752218
-1.0891646679653708,-2.1783293359307416
-0.9433649769387824,-1.8867299538775648
0.9393302606923165,1.878660521384633
0.1921450869701349,0.3842901739402698
1.771742281091861,3.543484562183722
-0.06919252799201088,-0.13838505598402176
-0.631893288642043,-1.263786577284086
1.0385937011286812,2.0771874022573624
-0.5903343740970625,-1.180668748194125
1.3419487271150856,2.6838974542301712
-1.061004358100882,-2.122008716201764
0.7386282471711105,1.477256494342221
0.07033899750991546,0.14067799501983091
1.155971430335774,2.311942860671548
1.9264826320295574,3.8529652640591148
0.4319035037317626,0.8638070074635252
-0.5217668015561381,-1.0435336031122762
-0.39371769192609796,-0.7874353838521959
0.9680324299476009,1.9360648598952017
0.06035698243301864,0.12071396486603728
-1.7856337915114457,-3.5712675830228915
-1.0576890124676177,-2.1153780249352354
0.7089924589335417,1.4179849178670834
0.1113497899494483,0.2226995798988966
2.306405498716781,4.612810997433562
-0.33553543223456506,-0.6710708644691301
0.4429465890298045,0.885893178059609
0.17699717126016704,0.35399434252033407
0.44492626832392856,0.8898525366478571
-1.2226972421831526,-2.445394484366305
0.23523638774870573,0.47047277549741146
-1.2273811596051691,-2.4547623192103383
0.6989559350000337,1.3979118700000674
1.4909752435982853,2.9819504871965705
-0.161772027052518,-0.323544054105036
-0.7380058016921835,-1.476011603384367
-0.7027532961715609,-1.4055065923431218
0.6427505901441978,1.2855011802883956
0.17662248973660874,0.3532449794732175
1.697206699294573,3.394413398589146
-1.1638031334846628,-2.3276062669693256
-0.07314607173486469,-0.14629214346972938
0.04897275212571925,0.0979455042514385
-1.5056168250224384,-3.011233650044877
-1.3464481345369166,-2.692896269073833
1.830802014569307,3.661604029138614
-1.425195614001475,-2.85039122800295
-1.3111750911694962,-2.6223501823389923
-1.09041245991396,-2.18082491982792
0.30741101996848214,0.6148220399369643
1.9340883498759691,3.8681766997519382
1.4087171380105974,2.817434276021195
-0.23192016927006565,-0.4638403385401313
0.9442839287437824,1.8885678574875648
-1.9256340229845519,-3.8512680459691038
-0.2490343555780513,-0.4980687111561026
-0.5040362365112069,-1.0080724730224138
-0.8585169753893716,-1.717033950778743
1.8230866848870915,3.646173369774183
0.0539872025410301,0.1079744050820602
-1.5427433381293876,-3.085486676258775
-0.8774392353246235,-1.754878470649247
-1.2700964836742608,-2.5401929673485215
-0.6396908816128032,-1.2793817632256064
0.4741809733130527,0.9483619466261054
1.141335950134229,2.282671900268458
0.5758251730883464,1.1516503461766927
0.06372431988134719,0.12744863976269438
-1.2210787548215234,-2.442157509643047
-0.5895341743994111,-1.1790683487988223
-1.386953528810232,-2.773907057620464
-0.07826815550161179,-0.15653631100322357
-0.7556425743689477,-1.5112851487378953
1.8152955971741094,3.6305911943482188
1.0255666443138878,2.0511332886277756
-0.5889582722030986,-1.1779165444061972
0.43552093190852875,0.8710418638170575
0.14462833470795997,0.28925666941591993
1.4013831196876576,2.802766239375315
1.0633365489734543,2.1266730979469086
-0.4838767565465556,-0.9677535130931112
0.35535165754165204,0.7107033150833041
-0.10527624478814408,-0.21055248957628817
-0.33701331241098603,-0.6740266248219721
-1.3956907932218432,-2.7913815864436864
1.7231859475031759,3.4463718950063518
0.3383764118519511,0.6767528237039022
-0.8781706499004556,-1.7563412998009111
1.4334598901420443,2.8669197802840887
-0.8829134817546129,-1.7658269635092259
-0.49915653214536343,-0.9983130642907269
0.439076869710292,0.878153739420584
-1.78966247484243,-3.57932494968486
0.367536878363999,0.735073756727998
-0.04685533253371843,-0.09371066506743686
0.2667294593632143,0.5334589187264286
1.071774509836371,2.143549019672742
-0.9228281142842295,-1.845656228568459
-0.845028279605818,-1.690056559211636
0.3440134630403384,0.6880269260806768
0.13349724460755233,0.26699448921510466
-0.702210142182263,-1.404420284364526
0.881127934234184,1.762255868468368
-0.9892184648565472,-1.9784369297130944
1.1099187907424066,2.2198375814848132
-0.2304994781970592,-0.4609989563941184
0.24201465578597675,0.4840293115719535
-0.012068012446458526,-0.024136024892917052
-1.7511299865826309,-3.5022599731652617
0.5778780627679527,1.1557561255359055
-0.6185016080073269,-1.2370032160146538
-2.065972598403705,-4.13194519680741
-0.16768978094580853,-0.33537956189161705
1.2965842034583943,2.5931684069167886
-0.17157949513539797,-0.34315899027079594
0.5102980321497568,1.0205960642995136
-0.0443449669728733,-0.0886899339457466
2.355187547984281,4.710375095968562
1.3116915808683736,2.623383161736747
1.0408844897039518,2.0817689794079035
-2.235801471477353,-4.471602942954706
1.6267686555465593,3.2535373110931185
-0.015559074777029544,-0.031118149554059088
-0.7868748602001183,-1.5737497204002366
0.6570697492793337,1.3141394985586674
0.3805047716554561,0.7610095433109122
0.5960560147680635,1.192112029536127
0.5562487971015917,1.1124975942031834
0.6332758343364044,1.2665516686728089
-1.433608989870721,-2.867217979741442
0.834828298629052,1.669656597258104
-1.1623124806833,-2.3246249613666
1.2224662181776869,2.4449324363553737
-0.5435140884300724,-1.0870281768601449
0.18489406652769172,0.36978813305538344
-2.324450738685911,-4.648901477371822
0.9497646187079799,1.8995292374159598
-0.5488329037125331,-1.0976658074250663
0.9566500656629144,1.9133001313258289
0.21151677383377895,0.4230335476675579
0.12103469242036806,0.24206938484073612
0.24032895717683708,0.48065791435367416
0.6026802169750711,1.2053604339501423
1.213176754033491,2.426353508066982
-0.06749702030588996,-0.13499404061177991
-0.44103841906231156,-0.8820768381246231
-1.7015470851136845,-3.403094170227369
1.0909081463171935,2.181816292634387
-0.6274673441072921,-1.2549346882145842
-0.20215462938553863,-0.40430925877107726
0.3660342522918007,0.7320685045836014
-0.136657691592513,-0.273315383185026
-1.156470421293557,-2.312940842587114
-0.37236281795013754,-0.7447256359002751
1.2570864137863185,2.514172827572637
0.4602183149684312,0.9204366299368624
-1.286051212092026,-2.572102424184052
-0.017377277649699895,-0.03475455529939979
0.41995249648231364,0.8399049929646273
-0.36201154232235166,-0.7240230846447033
1.6891592421238237,3.3783184842476475
0.4465178360999731,0.8930356721999462
2.783365118545039,5.566730237090078
0.7379719051382649,1.4759438102765299
-1.3447520675582814,-2.6895041351165627
-1.7758831024078723,-3.5517662048157446
-0.6525476648414829,-1.3050953296829657
0.846182368775284,1.692364737550568
0.32776179614588963,0.6555235922917793
-2.6920644381221184,-5.384128876244237
-0.43203456611601815,-0.8640691322320363
-0.6200989809084173,-1.2401979618168346
1.5226983093306528,3.0453966186613055
